[2025-07-13 07:06:45,912] ERROR apis.views: Error getting student info: DPY-6005: cannot connect to database (CONNECTION_ID=aaEW2Gs1rVvuvq4JRO23AQ==).
timed out (in /Users/zshaikh/Documents/projects/SEU_dev/SEU_Tools/apis/views.py:965)
[2025-07-13 07:06:45,913] ERROR django.request: Internal Server Error: /api/v1/student-info/ (in /Users/zshaikh/Documents/projects/SEU_dev/SEU_Tools/venv/lib/python3.12/site-packages/django/utils/log.py:253)
[2025-07-13 07:06:45,914] ERROR django.server: "GET //api/v1/student-info/?student_id=240039703 HTTP/1.1" 500 33 (in /Users/zshaikh/Documents/projects/SEU_dev/SEU_Tools/venv/lib/python3.12/site-packages/django/core/servers/basehttp.py:213)
[2025-07-13 07:09:14,001] INFO django.utils.autoreload: Watching for file changes with StatReloader (in /Users/zshaikh/Documents/projects/SEU_dev/SEU_Tools/venv/lib/python3.12/site-packages/django/utils/autoreload.py:667)
[2025-07-13 07:18:59,782] INFO django.utils.autoreload: Watching for file changes with StatReloader (in /Users/zshaikh/Documents/projects/SEU_dev/SEU_Tools/venv/lib/python3.12/site-packages/django/utils/autoreload.py:667)
[2025-07-13 07:19:07,852] INFO django.server: "GET /api/v1/ HTTP/1.1" 200 545 (in /Users/zshaikh/Documents/projects/SEU_dev/SEU_Tools/venv/lib/python3.12/site-packages/django/core/servers/basehttp.py:213)
[2025-07-13 07:19:17,115] WARNING django.request: Forbidden: /api/v1/student-info/ (in /Users/zshaikh/Documents/projects/SEU_dev/SEU_Tools/venv/lib/python3.12/site-packages/django/utils/log.py:253)
[2025-07-13 07:19:17,115] WARNING django.server: "GET /api/v1/student-info/?student_id=123456 HTTP/1.1" 403 58 (in /Users/zshaikh/Documents/projects/SEU_dev/SEU_Tools/venv/lib/python3.12/site-packages/django/core/servers/basehttp.py:213)
[2025-07-13 07:21:14,567] INFO django.utils.autoreload: /Users/zshaikh/Documents/projects/SEU_dev/SEU_Tools/apis/utils.py changed, reloading. (in /Users/zshaikh/Documents/projects/SEU_dev/SEU_Tools/venv/lib/python3.12/site-packages/django/utils/autoreload.py:265)
[2025-07-13 07:21:14,872] INFO django.utils.autoreload: Watching for file changes with StatReloader (in /Users/zshaikh/Documents/projects/SEU_dev/SEU_Tools/venv/lib/python3.12/site-packages/django/utils/autoreload.py:667)
[2025-07-13 07:24:26,091] INFO django.utils.autoreload: Watching for file changes with StatReloader (in /Users/zshaikh/Documents/projects/SEU_dev/SEU_Tools/venv/lib/python3.12/site-packages/django/utils/autoreload.py:667)
[2025-07-13 07:24:33,431] ERROR django.request: Service Unavailable: /api/v1/student-info/ (in /Users/zshaikh/Documents/projects/SEU_dev/SEU_Tools/venv/lib/python3.12/site-packages/django/utils/log.py:253)
[2025-07-13 07:24:33,432] ERROR django.server: "GET //api/v1/student-info/?student_id=240039703 HTTP/1.1" 503 54 (in /Users/zshaikh/Documents/projects/SEU_dev/SEU_Tools/venv/lib/python3.12/site-packages/django/core/servers/basehttp.py:213)
[2025-07-13 07:37:20,058] INFO django.server: "GET / HTTP/1.1" 200 39224 (in /Users/zshaikh/Documents/projects/SEU_dev/SEU_Tools/venv/lib/python3.12/site-packages/django/core/servers/basehttp.py:213)
[2025-07-13 07:40:47,931] INFO django.server: "GET /api/v1/ HTTP/1.1" 200 6557 (in /Users/zshaikh/Documents/projects/SEU_dev/SEU_Tools/venv/lib/python3.12/site-packages/django/core/servers/basehttp.py:213)
[2025-07-13 07:40:51,298] WARNING django.request: Method Not Allowed: /api/v1/extract-GOSI_subscription/ (in /Users/zshaikh/Documents/projects/SEU_dev/SEU_Tools/venv/lib/python3.12/site-packages/django/utils/log.py:253)
[2025-07-13 07:40:51,300] WARNING django.server: "GET /api/v1/extract-GOSI_subscription/ HTTP/1.1" 405 5971 (in /Users/zshaikh/Documents/projects/SEU_dev/SEU_Tools/venv/lib/python3.12/site-packages/django/core/servers/basehttp.py:213)
[2025-07-13 07:49:56,943] INFO django.server: "GET / HTTP/1.1" 200 39224 (in /Users/zshaikh/Documents/projects/SEU_dev/SEU_Tools/venv/lib/python3.12/site-packages/django/core/servers/basehttp.py:213)
[2025-07-13 07:50:01,583] INFO django.server: "GET /process HTTP/1.1" 301 0 (in /Users/zshaikh/Documents/projects/SEU_dev/SEU_Tools/venv/lib/python3.12/site-packages/django/core/servers/basehttp.py:213)
[2025-07-13 07:50:01,593] INFO django.server: "GET /process/ HTTP/1.1" 200 21406 (in /Users/zshaikh/Documents/projects/SEU_dev/SEU_Tools/venv/lib/python3.12/site-packages/django/core/servers/basehttp.py:213)
[2025-07-13 07:50:01,607] INFO django.server: "GET /static/js/pages/process.js HTTP/1.1" 200 11497 (in /Users/zshaikh/Documents/projects/SEU_dev/SEU_Tools/venv/lib/python3.12/site-packages/django/core/servers/basehttp.py:213)
[2025-07-13 07:50:17,478] INFO django.server: "GET /docs HTTP/1.1" 301 0 (in /Users/zshaikh/Documents/projects/SEU_dev/SEU_Tools/venv/lib/python3.12/site-packages/django/core/servers/basehttp.py:213)
[2025-07-13 07:50:17,487] INFO django.server: "GET /docs/ HTTP/1.1" 200 2387 (in /Users/zshaikh/Documents/projects/SEU_dev/SEU_Tools/venv/lib/python3.12/site-packages/django/core/servers/basehttp.py:213)
[2025-07-13 07:50:17,498] INFO django.server: "GET /static/drf-yasg/style.css HTTP/1.1" 200 1047 (in /Users/zshaikh/Documents/projects/SEU_dev/SEU_Tools/venv/lib/python3.12/site-packages/django/core/servers/basehttp.py:213)
[2025-07-13 07:50:17,503] INFO django.server: "GET /static/drf-yasg/insQ.min.js HTTP/1.1" 200 2093 (in /Users/zshaikh/Documents/projects/SEU_dev/SEU_Tools/venv/lib/python3.12/site-packages/django/core/servers/basehttp.py:213)
[2025-07-13 07:50:17,504] INFO django.server: "GET /static/drf-yasg/swagger-ui-init.js HTTP/1.1" 200 14964 (in /Users/zshaikh/Documents/projects/SEU_dev/SEU_Tools/venv/lib/python3.12/site-packages/django/core/servers/basehttp.py:213)
[2025-07-13 07:50:17,506] INFO django.server: "GET /static/drf-yasg/immutable.min.js HTTP/1.1" 200 56904 (in /Users/zshaikh/Documents/projects/SEU_dev/SEU_Tools/venv/lib/python3.12/site-packages/django/core/servers/basehttp.py:213)
[2025-07-13 07:50:17,508] INFO django.server: "GET /static/drf-yasg/swagger-ui-dist/swagger-ui.css HTTP/1.1" 200 145206 (in /Users/zshaikh/Documents/projects/SEU_dev/SEU_Tools/venv/lib/python3.12/site-packages/django/core/servers/basehttp.py:213)
[2025-07-13 07:50:17,511] INFO django.server: "GET /static/drf-yasg/swagger-ui-dist/swagger-ui-standalone-preset.js HTTP/1.1" 200 322863 (in /Users/zshaikh/Documents/projects/SEU_dev/SEU_Tools/venv/lib/python3.12/site-packages/django/core/servers/basehttp.py:213)
[2025-07-13 07:50:17,512] INFO django.server: "GET /static/drf-yasg/swagger-ui-dist/swagger-ui-bundle.js HTTP/1.1" 200 1046583 (in /Users/zshaikh/Documents/projects/SEU_dev/SEU_Tools/venv/lib/python3.12/site-packages/django/core/servers/basehttp.py:213)
[2025-07-13 07:50:17,580] INFO django.server: "GET /docs/?format=openapi HTTP/1.1" 200 5642 (in /Users/zshaikh/Documents/projects/SEU_dev/SEU_Tools/venv/lib/python3.12/site-packages/django/core/servers/basehttp.py:213)
[2025-07-13 07:50:17,580] INFO django.server: "GET /static/drf-yasg/swagger-ui-dist/favicon-32x32.png HTTP/1.1" 200 628 (in /Users/zshaikh/Documents/projects/SEU_dev/SEU_Tools/venv/lib/python3.12/site-packages/django/core/servers/basehttp.py:213)
[2025-07-13 21:50:27,964] INFO django.utils.autoreload: /Users/zshaikh/Documents/projects/SEU_dev/SEU_Tools/apis/utils.py changed, reloading. (in /Users/zshaikh/Documents/projects/SEU_dev/SEU_Tools/venv/lib/python3.12/site-packages/django/utils/autoreload.py:265)
[2025-07-13 21:50:28,370] INFO django.utils.autoreload: Watching for file changes with StatReloader (in /Users/zshaikh/Documents/projects/SEU_dev/SEU_Tools/venv/lib/python3.12/site-packages/django/utils/autoreload.py:667)
[2025-07-13 21:50:41,226] INFO django.utils.autoreload: /Users/zshaikh/Documents/projects/SEU_dev/SEU_Tools/apis/utils.py changed, reloading. (in /Users/zshaikh/Documents/projects/SEU_dev/SEU_Tools/venv/lib/python3.12/site-packages/django/utils/autoreload.py:265)
[2025-07-13 21:50:41,435] INFO django.utils.autoreload: Watching for file changes with StatReloader (in /Users/zshaikh/Documents/projects/SEU_dev/SEU_Tools/venv/lib/python3.12/site-packages/django/utils/autoreload.py:667)
[2025-07-13 21:50:42,847] INFO django.utils.autoreload: /Users/zshaikh/Documents/projects/SEU_dev/SEU_Tools/apis/utils.py changed, reloading. (in /Users/zshaikh/Documents/projects/SEU_dev/SEU_Tools/venv/lib/python3.12/site-packages/django/utils/autoreload.py:265)
[2025-07-13 21:50:43,078] INFO django.utils.autoreload: Watching for file changes with StatReloader (in /Users/zshaikh/Documents/projects/SEU_dev/SEU_Tools/venv/lib/python3.12/site-packages/django/utils/autoreload.py:667)
[2025-07-13 21:50:45,469] INFO django.utils.autoreload: /Users/zshaikh/Documents/projects/SEU_dev/SEU_Tools/apis/utils.py changed, reloading. (in /Users/zshaikh/Documents/projects/SEU_dev/SEU_Tools/venv/lib/python3.12/site-packages/django/utils/autoreload.py:265)
[2025-07-13 21:50:45,715] INFO django.utils.autoreload: Watching for file changes with StatReloader (in /Users/zshaikh/Documents/projects/SEU_dev/SEU_Tools/venv/lib/python3.12/site-packages/django/utils/autoreload.py:667)
[2025-07-13 21:50:48,084] INFO django.utils.autoreload: /Users/zshaikh/Documents/projects/SEU_dev/SEU_Tools/apis/utils.py changed, reloading. (in /Users/zshaikh/Documents/projects/SEU_dev/SEU_Tools/venv/lib/python3.12/site-packages/django/utils/autoreload.py:265)
[2025-07-13 21:50:48,310] INFO django.utils.autoreload: Watching for file changes with StatReloader (in /Users/zshaikh/Documents/projects/SEU_dev/SEU_Tools/venv/lib/python3.12/site-packages/django/utils/autoreload.py:667)
[2025-07-13 21:51:13,332] INFO django.utils.autoreload: /Users/zshaikh/Documents/projects/SEU_dev/SEU_Tools/apis/utils.py changed, reloading. (in /Users/zshaikh/Documents/projects/SEU_dev/SEU_Tools/venv/lib/python3.12/site-packages/django/utils/autoreload.py:265)
[2025-07-13 21:51:13,580] INFO django.utils.autoreload: Watching for file changes with StatReloader (in /Users/zshaikh/Documents/projects/SEU_dev/SEU_Tools/venv/lib/python3.12/site-packages/django/utils/autoreload.py:667)
[2025-07-13 21:51:14,953] INFO django.utils.autoreload: /Users/zshaikh/Documents/projects/SEU_dev/SEU_Tools/apis/utils.py changed, reloading. (in /Users/zshaikh/Documents/projects/SEU_dev/SEU_Tools/venv/lib/python3.12/site-packages/django/utils/autoreload.py:265)
[2025-07-13 21:51:15,161] INFO django.utils.autoreload: Watching for file changes with StatReloader (in /Users/zshaikh/Documents/projects/SEU_dev/SEU_Tools/venv/lib/python3.12/site-packages/django/utils/autoreload.py:667)
[2025-07-13 21:51:20,604] INFO django.utils.autoreload: /Users/zshaikh/Documents/projects/SEU_dev/SEU_Tools/apis/utils.py changed, reloading. (in /Users/zshaikh/Documents/projects/SEU_dev/SEU_Tools/venv/lib/python3.12/site-packages/django/utils/autoreload.py:265)
[2025-07-13 21:51:20,853] INFO django.utils.autoreload: Watching for file changes with StatReloader (in /Users/zshaikh/Documents/projects/SEU_dev/SEU_Tools/venv/lib/python3.12/site-packages/django/utils/autoreload.py:667)
[2025-07-13 21:51:22,209] INFO django.utils.autoreload: /Users/zshaikh/Documents/projects/SEU_dev/SEU_Tools/apis/utils.py changed, reloading. (in /Users/zshaikh/Documents/projects/SEU_dev/SEU_Tools/venv/lib/python3.12/site-packages/django/utils/autoreload.py:265)
[2025-07-13 21:51:22,420] INFO django.utils.autoreload: Watching for file changes with StatReloader (in /Users/zshaikh/Documents/projects/SEU_dev/SEU_Tools/venv/lib/python3.12/site-packages/django/utils/autoreload.py:667)
[2025-07-13 21:51:36,056] INFO django.utils.autoreload: /Users/zshaikh/Documents/projects/SEU_dev/SEU_Tools/apis/utils.py changed, reloading. (in /Users/zshaikh/Documents/projects/SEU_dev/SEU_Tools/venv/lib/python3.12/site-packages/django/utils/autoreload.py:265)
[2025-07-13 21:51:36,280] INFO django.utils.autoreload: Watching for file changes with StatReloader (in /Users/zshaikh/Documents/projects/SEU_dev/SEU_Tools/venv/lib/python3.12/site-packages/django/utils/autoreload.py:667)
[2025-07-13 21:52:20,943] INFO django.utils.autoreload: /Users/zshaikh/Documents/projects/SEU_dev/SEU_Tools/apis/utils.py changed, reloading. (in /Users/zshaikh/Documents/projects/SEU_dev/SEU_Tools/venv/lib/python3.12/site-packages/django/utils/autoreload.py:265)
[2025-07-13 21:52:21,251] INFO django.utils.autoreload: Watching for file changes with StatReloader (in /Users/zshaikh/Documents/projects/SEU_dev/SEU_Tools/venv/lib/python3.12/site-packages/django/utils/autoreload.py:667)
[2025-07-13 21:52:22,757] INFO django.utils.autoreload: /Users/zshaikh/Documents/projects/SEU_dev/SEU_Tools/apis/utils.py changed, reloading. (in /Users/zshaikh/Documents/projects/SEU_dev/SEU_Tools/venv/lib/python3.12/site-packages/django/utils/autoreload.py:265)
[2025-07-13 21:52:22,962] INFO django.utils.autoreload: Watching for file changes with StatReloader (in /Users/zshaikh/Documents/projects/SEU_dev/SEU_Tools/venv/lib/python3.12/site-packages/django/utils/autoreload.py:667)
[2025-07-13 21:52:31,503] INFO django.utils.autoreload: /Users/zshaikh/Documents/projects/SEU_dev/SEU_Tools/apis/utils.py changed, reloading. (in /Users/zshaikh/Documents/projects/SEU_dev/SEU_Tools/venv/lib/python3.12/site-packages/django/utils/autoreload.py:265)
[2025-07-13 21:52:31,753] INFO django.utils.autoreload: Watching for file changes with StatReloader (in /Users/zshaikh/Documents/projects/SEU_dev/SEU_Tools/venv/lib/python3.12/site-packages/django/utils/autoreload.py:667)
[2025-07-13 21:53:00,928] INFO django.utils.autoreload: /Users/zshaikh/Documents/projects/SEU_dev/SEU_Tools/apis/utils.py changed, reloading. (in /Users/zshaikh/Documents/projects/SEU_dev/SEU_Tools/venv/lib/python3.12/site-packages/django/utils/autoreload.py:265)
[2025-07-13 21:53:01,229] INFO django.utils.autoreload: Watching for file changes with StatReloader (in /Users/zshaikh/Documents/projects/SEU_dev/SEU_Tools/venv/lib/python3.12/site-packages/django/utils/autoreload.py:667)
[2025-07-13 21:53:02,682] INFO django.utils.autoreload: /Users/zshaikh/Documents/projects/SEU_dev/SEU_Tools/apis/utils.py changed, reloading. (in /Users/zshaikh/Documents/projects/SEU_dev/SEU_Tools/venv/lib/python3.12/site-packages/django/utils/autoreload.py:265)
[2025-07-13 21:53:02,902] INFO django.utils.autoreload: Watching for file changes with StatReloader (in /Users/zshaikh/Documents/projects/SEU_dev/SEU_Tools/venv/lib/python3.12/site-packages/django/utils/autoreload.py:667)
[2025-07-13 21:53:06,294] INFO django.utils.autoreload: /Users/zshaikh/Documents/projects/SEU_dev/SEU_Tools/apis/utils.py changed, reloading. (in /Users/zshaikh/Documents/projects/SEU_dev/SEU_Tools/venv/lib/python3.12/site-packages/django/utils/autoreload.py:265)
[2025-07-13 21:53:06,529] INFO django.utils.autoreload: Watching for file changes with StatReloader (in /Users/zshaikh/Documents/projects/SEU_dev/SEU_Tools/venv/lib/python3.12/site-packages/django/utils/autoreload.py:667)
[2025-07-13 21:53:16,047] INFO django.utils.autoreload: /Users/zshaikh/Documents/projects/SEU_dev/SEU_Tools/apis/utils.py changed, reloading. (in /Users/zshaikh/Documents/projects/SEU_dev/SEU_Tools/venv/lib/python3.12/site-packages/django/utils/autoreload.py:265)
[2025-07-13 21:53:16,339] INFO django.utils.autoreload: Watching for file changes with StatReloader (in /Users/zshaikh/Documents/projects/SEU_dev/SEU_Tools/venv/lib/python3.12/site-packages/django/utils/autoreload.py:667)
[2025-07-13 21:53:17,702] INFO django.utils.autoreload: /Users/zshaikh/Documents/projects/SEU_dev/SEU_Tools/apis/utils.py changed, reloading. (in /Users/zshaikh/Documents/projects/SEU_dev/SEU_Tools/venv/lib/python3.12/site-packages/django/utils/autoreload.py:265)
[2025-07-13 21:53:17,947] INFO django.utils.autoreload: Watching for file changes with StatReloader (in /Users/zshaikh/Documents/projects/SEU_dev/SEU_Tools/venv/lib/python3.12/site-packages/django/utils/autoreload.py:667)
[2025-07-13 21:53:20,356] INFO django.utils.autoreload: /Users/zshaikh/Documents/projects/SEU_dev/SEU_Tools/apis/utils.py changed, reloading. (in /Users/zshaikh/Documents/projects/SEU_dev/SEU_Tools/venv/lib/python3.12/site-packages/django/utils/autoreload.py:265)
[2025-07-13 21:53:20,591] INFO django.utils.autoreload: Watching for file changes with StatReloader (in /Users/zshaikh/Documents/projects/SEU_dev/SEU_Tools/venv/lib/python3.12/site-packages/django/utils/autoreload.py:667)
[2025-07-13 21:53:25,019] INFO django.utils.autoreload: /Users/zshaikh/Documents/projects/SEU_dev/SEU_Tools/apis/utils.py changed, reloading. (in /Users/zshaikh/Documents/projects/SEU_dev/SEU_Tools/venv/lib/python3.12/site-packages/django/utils/autoreload.py:265)
[2025-07-13 21:53:25,323] INFO django.utils.autoreload: Watching for file changes with StatReloader (in /Users/zshaikh/Documents/projects/SEU_dev/SEU_Tools/venv/lib/python3.12/site-packages/django/utils/autoreload.py:667)
[2025-07-13 21:53:44,085] INFO django.utils.autoreload: /Users/zshaikh/Documents/projects/SEU_dev/SEU_Tools/apis/utils.py changed, reloading. (in /Users/zshaikh/Documents/projects/SEU_dev/SEU_Tools/venv/lib/python3.12/site-packages/django/utils/autoreload.py:265)
[2025-07-13 21:53:44,318] INFO django.utils.autoreload: Watching for file changes with StatReloader (in /Users/zshaikh/Documents/projects/SEU_dev/SEU_Tools/venv/lib/python3.12/site-packages/django/utils/autoreload.py:667)
[2025-07-13 21:53:46,703] INFO django.utils.autoreload: /Users/zshaikh/Documents/projects/SEU_dev/SEU_Tools/apis/utils.py changed, reloading. (in /Users/zshaikh/Documents/projects/SEU_dev/SEU_Tools/venv/lib/python3.12/site-packages/django/utils/autoreload.py:265)
[2025-07-13 21:53:46,939] INFO django.utils.autoreload: Watching for file changes with StatReloader (in /Users/zshaikh/Documents/projects/SEU_dev/SEU_Tools/venv/lib/python3.12/site-packages/django/utils/autoreload.py:667)
[2025-07-13 21:53:51,370] INFO django.utils.autoreload: /Users/zshaikh/Documents/projects/SEU_dev/SEU_Tools/apis/utils.py changed, reloading. (in /Users/zshaikh/Documents/projects/SEU_dev/SEU_Tools/venv/lib/python3.12/site-packages/django/utils/autoreload.py:265)
[2025-07-13 21:53:51,646] INFO django.utils.autoreload: Watching for file changes with StatReloader (in /Users/zshaikh/Documents/projects/SEU_dev/SEU_Tools/venv/lib/python3.12/site-packages/django/utils/autoreload.py:667)
[2025-07-13 21:53:53,019] INFO django.utils.autoreload: /Users/zshaikh/Documents/projects/SEU_dev/SEU_Tools/apis/utils.py changed, reloading. (in /Users/zshaikh/Documents/projects/SEU_dev/SEU_Tools/venv/lib/python3.12/site-packages/django/utils/autoreload.py:265)
[2025-07-13 21:53:53,250] INFO django.utils.autoreload: Watching for file changes with StatReloader (in /Users/zshaikh/Documents/projects/SEU_dev/SEU_Tools/venv/lib/python3.12/site-packages/django/utils/autoreload.py:667)
[2025-07-13 21:53:54,636] INFO django.utils.autoreload: /Users/zshaikh/Documents/projects/SEU_dev/SEU_Tools/apis/utils.py changed, reloading. (in /Users/zshaikh/Documents/projects/SEU_dev/SEU_Tools/venv/lib/python3.12/site-packages/django/utils/autoreload.py:265)
[2025-07-13 21:53:54,879] INFO django.utils.autoreload: Watching for file changes with StatReloader (in /Users/zshaikh/Documents/projects/SEU_dev/SEU_Tools/venv/lib/python3.12/site-packages/django/utils/autoreload.py:667)
[2025-07-13 21:54:12,660] INFO django.utils.autoreload: /Users/zshaikh/Documents/projects/SEU_dev/SEU_Tools/apis/utils.py changed, reloading. (in /Users/zshaikh/Documents/projects/SEU_dev/SEU_Tools/venv/lib/python3.12/site-packages/django/utils/autoreload.py:265)
[2025-07-13 21:54:12,893] INFO django.utils.autoreload: Watching for file changes with StatReloader (in /Users/zshaikh/Documents/projects/SEU_dev/SEU_Tools/venv/lib/python3.12/site-packages/django/utils/autoreload.py:667)
[2025-07-13 21:54:15,286] INFO django.utils.autoreload: /Users/zshaikh/Documents/projects/SEU_dev/SEU_Tools/apis/utils.py changed, reloading. (in /Users/zshaikh/Documents/projects/SEU_dev/SEU_Tools/venv/lib/python3.12/site-packages/django/utils/autoreload.py:265)
[2025-07-13 21:54:15,514] INFO django.utils.autoreload: Watching for file changes with StatReloader (in /Users/zshaikh/Documents/projects/SEU_dev/SEU_Tools/venv/lib/python3.12/site-packages/django/utils/autoreload.py:667)
[2025-07-13 21:54:19,928] INFO django.utils.autoreload: /Users/zshaikh/Documents/projects/SEU_dev/SEU_Tools/apis/utils.py changed, reloading. (in /Users/zshaikh/Documents/projects/SEU_dev/SEU_Tools/venv/lib/python3.12/site-packages/django/utils/autoreload.py:265)
[2025-07-13 21:54:20,173] INFO django.utils.autoreload: Watching for file changes with StatReloader (in /Users/zshaikh/Documents/projects/SEU_dev/SEU_Tools/venv/lib/python3.12/site-packages/django/utils/autoreload.py:667)
[2025-07-13 21:54:21,318] INFO django.utils.autoreload: /Users/zshaikh/Documents/projects/SEU_dev/SEU_Tools/apis/utils.py changed, reloading. (in /Users/zshaikh/Documents/projects/SEU_dev/SEU_Tools/venv/lib/python3.12/site-packages/django/utils/autoreload.py:265)
[2025-07-13 21:54:21,497] INFO django.utils.autoreload: Watching for file changes with StatReloader (in /Users/zshaikh/Documents/projects/SEU_dev/SEU_Tools/venv/lib/python3.12/site-packages/django/utils/autoreload.py:667)
[2025-07-13 21:54:28,993] INFO django.utils.autoreload: /Users/zshaikh/Documents/projects/SEU_dev/SEU_Tools/apis/utils.py changed, reloading. (in /Users/zshaikh/Documents/projects/SEU_dev/SEU_Tools/venv/lib/python3.12/site-packages/django/utils/autoreload.py:265)
[2025-07-13 21:54:29,235] INFO django.utils.autoreload: Watching for file changes with StatReloader (in /Users/zshaikh/Documents/projects/SEU_dev/SEU_Tools/venv/lib/python3.12/site-packages/django/utils/autoreload.py:667)
[2025-07-13 21:57:03,075] INFO django.utils.autoreload: /Users/zshaikh/Documents/projects/SEU_dev/SEU_Tools/apis/utils.py changed, reloading. (in /Users/zshaikh/Documents/projects/SEU_dev/SEU_Tools/venv/lib/python3.12/site-packages/django/utils/autoreload.py:265)
[2025-07-13 21:57:03,446] INFO django.utils.autoreload: Watching for file changes with StatReloader (in /Users/zshaikh/Documents/projects/SEU_dev/SEU_Tools/venv/lib/python3.12/site-packages/django/utils/autoreload.py:667)
[2025-07-13 21:57:35,702] INFO django.utils.autoreload: /Users/zshaikh/Documents/projects/SEU_dev/SEU_Tools/apis/utils.py changed, reloading. (in /Users/zshaikh/Documents/projects/SEU_dev/SEU_Tools/venv/lib/python3.12/site-packages/django/utils/autoreload.py:265)
[2025-07-13 21:57:35,959] INFO django.utils.autoreload: Watching for file changes with StatReloader (in /Users/zshaikh/Documents/projects/SEU_dev/SEU_Tools/venv/lib/python3.12/site-packages/django/utils/autoreload.py:667)
[2025-07-13 21:57:37,319] INFO django.utils.autoreload: /Users/zshaikh/Documents/projects/SEU_dev/SEU_Tools/apis/utils.py changed, reloading. (in /Users/zshaikh/Documents/projects/SEU_dev/SEU_Tools/venv/lib/python3.12/site-packages/django/utils/autoreload.py:265)
[2025-07-13 21:57:37,588] INFO django.utils.autoreload: Watching for file changes with StatReloader (in /Users/zshaikh/Documents/projects/SEU_dev/SEU_Tools/venv/lib/python3.12/site-packages/django/utils/autoreload.py:667)
[2025-07-13 21:57:38,673] INFO django.utils.autoreload: /Users/zshaikh/Documents/projects/SEU_dev/SEU_Tools/apis/utils.py changed, reloading. (in /Users/zshaikh/Documents/projects/SEU_dev/SEU_Tools/venv/lib/python3.12/site-packages/django/utils/autoreload.py:265)
[2025-07-13 21:57:38,835] INFO django.utils.autoreload: Watching for file changes with StatReloader (in /Users/zshaikh/Documents/projects/SEU_dev/SEU_Tools/venv/lib/python3.12/site-packages/django/utils/autoreload.py:667)
[2025-07-13 21:57:45,355] INFO django.utils.autoreload: /Users/zshaikh/Documents/projects/SEU_dev/SEU_Tools/apis/utils.py changed, reloading. (in /Users/zshaikh/Documents/projects/SEU_dev/SEU_Tools/venv/lib/python3.12/site-packages/django/utils/autoreload.py:265)
[2025-07-13 21:57:45,586] INFO django.utils.autoreload: Watching for file changes with StatReloader (in /Users/zshaikh/Documents/projects/SEU_dev/SEU_Tools/venv/lib/python3.12/site-packages/django/utils/autoreload.py:667)
[2025-07-13 21:57:48,987] INFO django.utils.autoreload: /Users/zshaikh/Documents/projects/SEU_dev/SEU_Tools/apis/utils.py changed, reloading. (in /Users/zshaikh/Documents/projects/SEU_dev/SEU_Tools/venv/lib/python3.12/site-packages/django/utils/autoreload.py:265)
[2025-07-13 21:57:49,300] INFO django.utils.autoreload: Watching for file changes with StatReloader (in /Users/zshaikh/Documents/projects/SEU_dev/SEU_Tools/venv/lib/python3.12/site-packages/django/utils/autoreload.py:667)
[2025-07-13 21:57:50,653] INFO django.utils.autoreload: /Users/zshaikh/Documents/projects/SEU_dev/SEU_Tools/apis/utils.py changed, reloading. (in /Users/zshaikh/Documents/projects/SEU_dev/SEU_Tools/venv/lib/python3.12/site-packages/django/utils/autoreload.py:265)
[2025-07-13 21:57:50,887] INFO django.utils.autoreload: Watching for file changes with StatReloader (in /Users/zshaikh/Documents/projects/SEU_dev/SEU_Tools/venv/lib/python3.12/site-packages/django/utils/autoreload.py:667)
[2025-07-13 21:58:38,552] INFO django.utils.autoreload: /Users/zshaikh/Documents/projects/SEU_dev/SEU_Tools/apis/utils.py changed, reloading. (in /Users/zshaikh/Documents/projects/SEU_dev/SEU_Tools/venv/lib/python3.12/site-packages/django/utils/autoreload.py:265)
[2025-07-13 21:58:38,805] INFO django.utils.autoreload: Watching for file changes with StatReloader (in /Users/zshaikh/Documents/projects/SEU_dev/SEU_Tools/venv/lib/python3.12/site-packages/django/utils/autoreload.py:667)
[2025-07-13 21:58:44,265] INFO django.utils.autoreload: /Users/zshaikh/Documents/projects/SEU_dev/SEU_Tools/apis/utils.py changed, reloading. (in /Users/zshaikh/Documents/projects/SEU_dev/SEU_Tools/venv/lib/python3.12/site-packages/django/utils/autoreload.py:265)
[2025-07-13 21:58:44,487] INFO django.utils.autoreload: Watching for file changes with StatReloader (in /Users/zshaikh/Documents/projects/SEU_dev/SEU_Tools/venv/lib/python3.12/site-packages/django/utils/autoreload.py:667)
[2025-07-13 21:59:04,291] INFO django.utils.autoreload: /Users/zshaikh/Documents/projects/SEU_dev/SEU_Tools/apis/utils.py changed, reloading. (in /Users/zshaikh/Documents/projects/SEU_dev/SEU_Tools/venv/lib/python3.12/site-packages/django/utils/autoreload.py:265)
[2025-07-13 21:59:04,534] INFO django.utils.autoreload: Watching for file changes with StatReloader (in /Users/zshaikh/Documents/projects/SEU_dev/SEU_Tools/venv/lib/python3.12/site-packages/django/utils/autoreload.py:667)
[2025-07-13 21:59:13,092] INFO django.utils.autoreload: /Users/zshaikh/Documents/projects/SEU_dev/SEU_Tools/apis/utils.py changed, reloading. (in /Users/zshaikh/Documents/projects/SEU_dev/SEU_Tools/venv/lib/python3.12/site-packages/django/utils/autoreload.py:265)
[2025-07-13 21:59:13,322] INFO django.utils.autoreload: Watching for file changes with StatReloader (in /Users/zshaikh/Documents/projects/SEU_dev/SEU_Tools/venv/lib/python3.12/site-packages/django/utils/autoreload.py:667)
[2025-07-13 21:59:17,783] INFO django.utils.autoreload: /Users/zshaikh/Documents/projects/SEU_dev/SEU_Tools/apis/utils.py changed, reloading. (in /Users/zshaikh/Documents/projects/SEU_dev/SEU_Tools/venv/lib/python3.12/site-packages/django/utils/autoreload.py:265)
[2025-07-13 21:59:17,996] INFO django.utils.autoreload: Watching for file changes with StatReloader (in /Users/zshaikh/Documents/projects/SEU_dev/SEU_Tools/venv/lib/python3.12/site-packages/django/utils/autoreload.py:667)
[2025-07-13 21:59:20,097] INFO django.utils.autoreload: /Users/zshaikh/Documents/projects/SEU_dev/SEU_Tools/apis/utils.py changed, reloading. (in /Users/zshaikh/Documents/projects/SEU_dev/SEU_Tools/venv/lib/python3.12/site-packages/django/utils/autoreload.py:265)
[2025-07-13 21:59:20,284] INFO django.utils.autoreload: Watching for file changes with StatReloader (in /Users/zshaikh/Documents/projects/SEU_dev/SEU_Tools/venv/lib/python3.12/site-packages/django/utils/autoreload.py:667)
[2025-07-13 21:59:22,662] INFO django.utils.autoreload: /Users/zshaikh/Documents/projects/SEU_dev/SEU_Tools/apis/utils.py changed, reloading. (in /Users/zshaikh/Documents/projects/SEU_dev/SEU_Tools/venv/lib/python3.12/site-packages/django/utils/autoreload.py:265)
[2025-07-13 21:59:22,963] INFO django.utils.autoreload: Watching for file changes with StatReloader (in /Users/zshaikh/Documents/projects/SEU_dev/SEU_Tools/venv/lib/python3.12/site-packages/django/utils/autoreload.py:667)
[2025-07-13 21:59:26,396] INFO django.utils.autoreload: /Users/zshaikh/Documents/projects/SEU_dev/SEU_Tools/apis/utils.py changed, reloading. (in /Users/zshaikh/Documents/projects/SEU_dev/SEU_Tools/venv/lib/python3.12/site-packages/django/utils/autoreload.py:265)
[2025-07-13 21:59:26,621] INFO django.utils.autoreload: Watching for file changes with StatReloader (in /Users/zshaikh/Documents/projects/SEU_dev/SEU_Tools/venv/lib/python3.12/site-packages/django/utils/autoreload.py:667)
[2025-07-13 21:59:46,476] INFO django.utils.autoreload: /Users/zshaikh/Documents/projects/SEU_dev/SEU_Tools/apis/utils.py changed, reloading. (in /Users/zshaikh/Documents/projects/SEU_dev/SEU_Tools/venv/lib/python3.12/site-packages/django/utils/autoreload.py:265)
[2025-07-13 21:59:46,714] INFO django.utils.autoreload: Watching for file changes with StatReloader (in /Users/zshaikh/Documents/projects/SEU_dev/SEU_Tools/venv/lib/python3.12/site-packages/django/utils/autoreload.py:667)
[2025-07-13 21:59:50,095] INFO django.utils.autoreload: /Users/zshaikh/Documents/projects/SEU_dev/SEU_Tools/apis/utils.py changed, reloading. (in /Users/zshaikh/Documents/projects/SEU_dev/SEU_Tools/venv/lib/python3.12/site-packages/django/utils/autoreload.py:265)
[2025-07-13 21:59:50,335] INFO django.utils.autoreload: Watching for file changes with StatReloader (in /Users/zshaikh/Documents/projects/SEU_dev/SEU_Tools/venv/lib/python3.12/site-packages/django/utils/autoreload.py:667)
[2025-07-13 21:59:52,721] INFO django.utils.autoreload: /Users/zshaikh/Documents/projects/SEU_dev/SEU_Tools/apis/utils.py changed, reloading. (in /Users/zshaikh/Documents/projects/SEU_dev/SEU_Tools/venv/lib/python3.12/site-packages/django/utils/autoreload.py:265)
[2025-07-13 21:59:52,954] INFO django.utils.autoreload: Watching for file changes with StatReloader (in /Users/zshaikh/Documents/projects/SEU_dev/SEU_Tools/venv/lib/python3.12/site-packages/django/utils/autoreload.py:667)
[2025-07-13 22:00:01,476] INFO django.utils.autoreload: /Users/zshaikh/Documents/projects/SEU_dev/SEU_Tools/apis/utils.py changed, reloading. (in /Users/zshaikh/Documents/projects/SEU_dev/SEU_Tools/venv/lib/python3.12/site-packages/django/utils/autoreload.py:265)
[2025-07-13 22:00:01,705] INFO django.utils.autoreload: Watching for file changes with StatReloader (in /Users/zshaikh/Documents/projects/SEU_dev/SEU_Tools/venv/lib/python3.12/site-packages/django/utils/autoreload.py:667)
[2025-07-13 22:00:05,132] INFO django.utils.autoreload: /Users/zshaikh/Documents/projects/SEU_dev/SEU_Tools/apis/utils.py changed, reloading. (in /Users/zshaikh/Documents/projects/SEU_dev/SEU_Tools/venv/lib/python3.12/site-packages/django/utils/autoreload.py:265)
[2025-07-13 22:00:05,391] INFO django.utils.autoreload: Watching for file changes with StatReloader (in /Users/zshaikh/Documents/projects/SEU_dev/SEU_Tools/venv/lib/python3.12/site-packages/django/utils/autoreload.py:667)
[2025-07-13 22:00:14,996] INFO django.utils.autoreload: /Users/zshaikh/Documents/projects/SEU_dev/SEU_Tools/apis/utils.py changed, reloading. (in /Users/zshaikh/Documents/projects/SEU_dev/SEU_Tools/venv/lib/python3.12/site-packages/django/utils/autoreload.py:265)
[2025-07-13 22:00:15,217] INFO django.utils.autoreload: Watching for file changes with StatReloader (in /Users/zshaikh/Documents/projects/SEU_dev/SEU_Tools/venv/lib/python3.12/site-packages/django/utils/autoreload.py:667)
[2025-07-13 22:00:17,317] INFO django.utils.autoreload: /Users/zshaikh/Documents/projects/SEU_dev/SEU_Tools/apis/utils.py changed, reloading. (in /Users/zshaikh/Documents/projects/SEU_dev/SEU_Tools/venv/lib/python3.12/site-packages/django/utils/autoreload.py:265)
[2025-07-13 22:00:17,508] INFO django.utils.autoreload: Watching for file changes with StatReloader (in /Users/zshaikh/Documents/projects/SEU_dev/SEU_Tools/venv/lib/python3.12/site-packages/django/utils/autoreload.py:667)
[2025-07-13 22:00:19,853] INFO django.utils.autoreload: /Users/zshaikh/Documents/projects/SEU_dev/SEU_Tools/apis/utils.py changed, reloading. (in /Users/zshaikh/Documents/projects/SEU_dev/SEU_Tools/venv/lib/python3.12/site-packages/django/utils/autoreload.py:265)
[2025-07-13 22:00:20,085] INFO django.utils.autoreload: Watching for file changes with StatReloader (in /Users/zshaikh/Documents/projects/SEU_dev/SEU_Tools/venv/lib/python3.12/site-packages/django/utils/autoreload.py:667)
[2025-07-13 22:00:25,516] INFO django.utils.autoreload: /Users/zshaikh/Documents/projects/SEU_dev/SEU_Tools/apis/utils.py changed, reloading. (in /Users/zshaikh/Documents/projects/SEU_dev/SEU_Tools/venv/lib/python3.12/site-packages/django/utils/autoreload.py:265)
[2025-07-13 22:00:25,799] INFO django.utils.autoreload: Watching for file changes with StatReloader (in /Users/zshaikh/Documents/projects/SEU_dev/SEU_Tools/venv/lib/python3.12/site-packages/django/utils/autoreload.py:667)
[2025-07-13 22:00:27,157] INFO django.utils.autoreload: /Users/zshaikh/Documents/projects/SEU_dev/SEU_Tools/apis/utils.py changed, reloading. (in /Users/zshaikh/Documents/projects/SEU_dev/SEU_Tools/venv/lib/python3.12/site-packages/django/utils/autoreload.py:265)
[2025-07-13 22:00:27,353] INFO django.utils.autoreload: Watching for file changes with StatReloader (in /Users/zshaikh/Documents/projects/SEU_dev/SEU_Tools/venv/lib/python3.12/site-packages/django/utils/autoreload.py:667)
[2025-07-13 22:00:36,880] INFO django.utils.autoreload: /Users/zshaikh/Documents/projects/SEU_dev/SEU_Tools/apis/utils.py changed, reloading. (in /Users/zshaikh/Documents/projects/SEU_dev/SEU_Tools/venv/lib/python3.12/site-packages/django/utils/autoreload.py:265)
[2025-07-13 22:00:37,115] INFO django.utils.autoreload: Watching for file changes with StatReloader (in /Users/zshaikh/Documents/projects/SEU_dev/SEU_Tools/venv/lib/python3.12/site-packages/django/utils/autoreload.py:667)
[2025-07-13 22:01:09,316] INFO django.server: "GET /process/ HTTP/1.1" 200 21406 (in /Users/zshaikh/Documents/projects/SEU_dev/SEU_Tools/venv/lib/python3.12/site-packages/django/core/servers/basehttp.py:213)
[2025-07-13 22:01:09,332] INFO django.server: "GET /static/css/bootstrap/bootstrap.min.css HTTP/1.1" 304 0 (in /Users/zshaikh/Documents/projects/SEU_dev/SEU_Tools/venv/lib/python3.12/site-packages/django/core/servers/basehttp.py:213)
[2025-07-13 22:01:09,337] INFO django.server: "GET /static/css/fontawesome/fontawesome.min.css HTTP/1.1" 304 0 (in /Users/zshaikh/Documents/projects/SEU_dev/SEU_Tools/venv/lib/python3.12/site-packages/django/core/servers/basehttp.py:213)
[2025-07-13 22:01:09,339] INFO django.server: "GET /static/css/datatables/dataTables.bootstrap5.min.css HTTP/1.1" 304 0 (in /Users/zshaikh/Documents/projects/SEU_dev/SEU_Tools/venv/lib/python3.12/site-packages/django/core/servers/basehttp.py:213)
[2025-07-13 22:01:09,341] INFO django.server: "GET /static/js/bootstrap/bootstrap.bundle.min.js HTTP/1.1" 304 0 (in /Users/zshaikh/Documents/projects/SEU_dev/SEU_Tools/venv/lib/python3.12/site-packages/django/core/servers/basehttp.py:213)
[2025-07-13 22:01:09,341] INFO django.server: "GET /static/css/datatables/buttons.bootstrap5.min.css HTTP/1.1" 304 0 (in /Users/zshaikh/Documents/projects/SEU_dev/SEU_Tools/venv/lib/python3.12/site-packages/django/core/servers/basehttp.py:213)
[2025-07-13 22:01:09,342] INFO django.server: "GET /static/css/style.css HTTP/1.1" 304 0 (in /Users/zshaikh/Documents/projects/SEU_dev/SEU_Tools/venv/lib/python3.12/site-packages/django/core/servers/basehttp.py:213)
[2025-07-13 22:01:09,343] INFO django.server: "GET /static/js/datatables/dataTables.bootstrap5.min.js HTTP/1.1" 304 0 (in /Users/zshaikh/Documents/projects/SEU_dev/SEU_Tools/venv/lib/python3.12/site-packages/django/core/servers/basehttp.py:213)
[2025-07-13 22:01:09,344] INFO django.server: "GET /static/images/logo.png HTTP/1.1" 304 0 (in /Users/zshaikh/Documents/projects/SEU_dev/SEU_Tools/venv/lib/python3.12/site-packages/django/core/servers/basehttp.py:213)
[2025-07-13 22:01:09,344] INFO django.server: "GET /static/js/datatables/jquery.dataTables.min.js HTTP/1.1" 304 0 (in /Users/zshaikh/Documents/projects/SEU_dev/SEU_Tools/venv/lib/python3.12/site-packages/django/core/servers/basehttp.py:213)
[2025-07-13 22:01:09,345] INFO django.server: "GET /static/js/datatables/jquery.min.js HTTP/1.1" 304 0 (in /Users/zshaikh/Documents/projects/SEU_dev/SEU_Tools/venv/lib/python3.12/site-packages/django/core/servers/basehttp.py:213)
[2025-07-13 22:01:09,345] INFO django.server: "GET /static/js/datatables/buttons.bootstrap5.min.js HTTP/1.1" 304 0 (in /Users/zshaikh/Documents/projects/SEU_dev/SEU_Tools/venv/lib/python3.12/site-packages/django/core/servers/basehttp.py:213)
[2025-07-13 22:01:09,346] INFO django.server: "GET /static/js/datatables/dataTables.buttons.min.js HTTP/1.1" 304 0 (in /Users/zshaikh/Documents/projects/SEU_dev/SEU_Tools/venv/lib/python3.12/site-packages/django/core/servers/basehttp.py:213)
[2025-07-13 22:01:09,347] INFO django.server: "GET /static/js/datatables/buttons.print.min.js HTTP/1.1" 304 0 (in /Users/zshaikh/Documents/projects/SEU_dev/SEU_Tools/venv/lib/python3.12/site-packages/django/core/servers/basehttp.py:213)
[2025-07-13 22:01:09,348] INFO django.server: "GET /static/js/datatables/pdfmake.min.js HTTP/1.1" 304 0 (in /Users/zshaikh/Documents/projects/SEU_dev/SEU_Tools/venv/lib/python3.12/site-packages/django/core/servers/basehttp.py:213)
[2025-07-13 22:01:09,348] INFO django.server: "GET /static/js/datatables/jszip.min.js HTTP/1.1" 304 0 (in /Users/zshaikh/Documents/projects/SEU_dev/SEU_Tools/venv/lib/python3.12/site-packages/django/core/servers/basehttp.py:213)
[2025-07-13 22:01:09,348] INFO django.server: "GET /static/js/datatables/buttons.html5.min.js HTTP/1.1" 304 0 (in /Users/zshaikh/Documents/projects/SEU_dev/SEU_Tools/venv/lib/python3.12/site-packages/django/core/servers/basehttp.py:213)
[2025-07-13 22:01:09,348] INFO django.server: "GET /static/js/datatables/vfs_fonts.js HTTP/1.1" 304 0 (in /Users/zshaikh/Documents/projects/SEU_dev/SEU_Tools/venv/lib/python3.12/site-packages/django/core/servers/basehttp.py:213)
[2025-07-13 22:01:09,349] INFO django.server: "GET /static/js/echarts/echarts.min.js HTTP/1.1" 304 0 (in /Users/zshaikh/Documents/projects/SEU_dev/SEU_Tools/venv/lib/python3.12/site-packages/django/core/servers/basehttp.py:213)
[2025-07-13 22:01:09,350] INFO django.server: "GET /static/js/app.js HTTP/1.1" 304 0 (in /Users/zshaikh/Documents/projects/SEU_dev/SEU_Tools/venv/lib/python3.12/site-packages/django/core/servers/basehttp.py:213)
[2025-07-13 22:01:09,350] INFO django.server: "GET /static/js/pages/process.js HTTP/1.1" 304 0 (in /Users/zshaikh/Documents/projects/SEU_dev/SEU_Tools/venv/lib/python3.12/site-packages/django/core/servers/basehttp.py:213)
[2025-07-13 22:01:09,365] INFO django.server: "GET /static/css/webfonts/fa-solid-900.woff2 HTTP/1.1" 304 0 (in /Users/zshaikh/Documents/projects/SEU_dev/SEU_Tools/venv/lib/python3.12/site-packages/django/core/servers/basehttp.py:213)
[2025-07-13 22:01:22,633] INFO django.server: "POST /process/upload/ HTTP/1.1" 302 0 (in /Users/zshaikh/Documents/projects/SEU_dev/SEU_Tools/venv/lib/python3.12/site-packages/django/core/servers/basehttp.py:213)
[2025-07-13 22:01:22,638] INFO django.server: "GET /process/ HTTP/1.1" 200 25368 (in /Users/zshaikh/Documents/projects/SEU_dev/SEU_Tools/venv/lib/python3.12/site-packages/django/core/servers/basehttp.py:213)
[2025-07-13 22:01:43,471] INFO django.utils.autoreload: /Users/zshaikh/Documents/projects/SEU_dev/SEU_Tools/apis/utils.py changed, reloading. (in /Users/zshaikh/Documents/projects/SEU_dev/SEU_Tools/venv/lib/python3.12/site-packages/django/utils/autoreload.py:265)
[2025-07-13 22:01:43,702] INFO django.utils.autoreload: Watching for file changes with StatReloader (in /Users/zshaikh/Documents/projects/SEU_dev/SEU_Tools/venv/lib/python3.12/site-packages/django/utils/autoreload.py:667)
[2025-07-13 22:01:45,076] INFO django.utils.autoreload: /Users/zshaikh/Documents/projects/SEU_dev/SEU_Tools/apis/utils.py changed, reloading. (in /Users/zshaikh/Documents/projects/SEU_dev/SEU_Tools/venv/lib/python3.12/site-packages/django/utils/autoreload.py:265)
[2025-07-13 22:01:45,332] INFO django.utils.autoreload: Watching for file changes with StatReloader (in /Users/zshaikh/Documents/projects/SEU_dev/SEU_Tools/venv/lib/python3.12/site-packages/django/utils/autoreload.py:667)
[2025-07-13 22:02:35,523] INFO django.server: "POST /process/upload/ HTTP/1.1" 302 0 (in /Users/zshaikh/Documents/projects/SEU_dev/SEU_Tools/venv/lib/python3.12/site-packages/django/core/servers/basehttp.py:213)
[2025-07-13 22:02:35,532] INFO django.server: "GET /process/ HTTP/1.1" 200 25368 (in /Users/zshaikh/Documents/projects/SEU_dev/SEU_Tools/venv/lib/python3.12/site-packages/django/core/servers/basehttp.py:213)
[2025-07-13 22:02:47,585] INFO django.server: "GET /history/ HTTP/1.1" 200 323647 (in /Users/zshaikh/Documents/projects/SEU_dev/SEU_Tools/venv/lib/python3.12/site-packages/django/core/servers/basehttp.py:213)
[2025-07-13 22:02:47,610] INFO django.server: "GET /static/css/datatables/dateTime.min.css HTTP/1.1" 304 0 (in /Users/zshaikh/Documents/projects/SEU_dev/SEU_Tools/venv/lib/python3.12/site-packages/django/core/servers/basehttp.py:213)
[2025-07-13 22:02:47,654] INFO django.server: "GET /static/js/datatables/dataTables.dateTime.min.js HTTP/1.1" 304 0 (in /Users/zshaikh/Documents/projects/SEU_dev/SEU_Tools/venv/lib/python3.12/site-packages/django/core/servers/basehttp.py:213)
[2025-07-13 22:02:47,733] INFO django.server: "GET /static/js/pages/history.js HTTP/1.1" 304 0 (in /Users/zshaikh/Documents/projects/SEU_dev/SEU_Tools/venv/lib/python3.12/site-packages/django/core/servers/basehttp.py:213)
[2025-07-13 22:02:47,733] INFO django.server: "GET /static/js/datatables/clipboard.min.js HTTP/1.1" 304 0 (in /Users/zshaikh/Documents/projects/SEU_dev/SEU_Tools/venv/lib/python3.12/site-packages/django/core/servers/basehttp.py:213)
[2025-07-13 22:03:56,578] INFO django.utils.autoreload: /Users/zshaikh/Documents/projects/SEU_dev/SEU_Tools/apis/utils.py changed, reloading. (in /Users/zshaikh/Documents/projects/SEU_dev/SEU_Tools/venv/lib/python3.12/site-packages/django/utils/autoreload.py:265)
[2025-07-13 22:03:56,875] INFO django.utils.autoreload: Watching for file changes with StatReloader (in /Users/zshaikh/Documents/projects/SEU_dev/SEU_Tools/venv/lib/python3.12/site-packages/django/utils/autoreload.py:667)
[2025-07-13 22:04:13,724] INFO django.utils.autoreload: /Users/zshaikh/Documents/projects/SEU_dev/SEU_Tools/apis/utils.py changed, reloading. (in /Users/zshaikh/Documents/projects/SEU_dev/SEU_Tools/venv/lib/python3.12/site-packages/django/utils/autoreload.py:265)
[2025-07-13 22:04:13,961] INFO django.utils.autoreload: Watching for file changes with StatReloader (in /Users/zshaikh/Documents/projects/SEU_dev/SEU_Tools/venv/lib/python3.12/site-packages/django/utils/autoreload.py:667)
[2025-07-13 22:04:17,415] INFO django.utils.autoreload: /Users/zshaikh/Documents/projects/SEU_dev/SEU_Tools/apis/utils.py changed, reloading. (in /Users/zshaikh/Documents/projects/SEU_dev/SEU_Tools/venv/lib/python3.12/site-packages/django/utils/autoreload.py:265)
[2025-07-13 22:04:17,624] INFO django.utils.autoreload: Watching for file changes with StatReloader (in /Users/zshaikh/Documents/projects/SEU_dev/SEU_Tools/venv/lib/python3.12/site-packages/django/utils/autoreload.py:667)
[2025-07-13 22:04:18,979] INFO django.utils.autoreload: /Users/zshaikh/Documents/projects/SEU_dev/SEU_Tools/apis/utils.py changed, reloading. (in /Users/zshaikh/Documents/projects/SEU_dev/SEU_Tools/venv/lib/python3.12/site-packages/django/utils/autoreload.py:265)
[2025-07-13 22:04:19,174] INFO django.utils.autoreload: Watching for file changes with StatReloader (in /Users/zshaikh/Documents/projects/SEU_dev/SEU_Tools/venv/lib/python3.12/site-packages/django/utils/autoreload.py:667)
[2025-07-13 22:04:28,722] INFO django.utils.autoreload: /Users/zshaikh/Documents/projects/SEU_dev/SEU_Tools/apis/utils.py changed, reloading. (in /Users/zshaikh/Documents/projects/SEU_dev/SEU_Tools/venv/lib/python3.12/site-packages/django/utils/autoreload.py:265)
[2025-07-13 22:04:28,976] INFO django.utils.autoreload: Watching for file changes with StatReloader (in /Users/zshaikh/Documents/projects/SEU_dev/SEU_Tools/venv/lib/python3.12/site-packages/django/utils/autoreload.py:667)
[2025-07-13 22:04:31,319] INFO django.utils.autoreload: /Users/zshaikh/Documents/projects/SEU_dev/SEU_Tools/apis/utils.py changed, reloading. (in /Users/zshaikh/Documents/projects/SEU_dev/SEU_Tools/venv/lib/python3.12/site-packages/django/utils/autoreload.py:265)
[2025-07-13 22:04:31,540] INFO django.utils.autoreload: Watching for file changes with StatReloader (in /Users/zshaikh/Documents/projects/SEU_dev/SEU_Tools/venv/lib/python3.12/site-packages/django/utils/autoreload.py:667)
[2025-07-13 22:04:42,571] INFO django.server: "POST /process/upload/ HTTP/1.1" 302 0 (in /Users/zshaikh/Documents/projects/SEU_dev/SEU_Tools/venv/lib/python3.12/site-packages/django/core/servers/basehttp.py:213)
[2025-07-13 22:04:42,580] INFO django.server: "GET /process/ HTTP/1.1" 200 25368 (in /Users/zshaikh/Documents/projects/SEU_dev/SEU_Tools/venv/lib/python3.12/site-packages/django/core/servers/basehttp.py:213)
[2025-07-13 22:05:20,432] INFO django.utils.autoreload: /Users/zshaikh/Documents/projects/SEU_dev/SEU_Tools/apis/utils.py changed, reloading. (in /Users/zshaikh/Documents/projects/SEU_dev/SEU_Tools/venv/lib/python3.12/site-packages/django/utils/autoreload.py:265)
[2025-07-13 22:05:20,734] INFO django.utils.autoreload: Watching for file changes with StatReloader (in /Users/zshaikh/Documents/projects/SEU_dev/SEU_Tools/venv/lib/python3.12/site-packages/django/utils/autoreload.py:667)
[2025-07-13 22:05:23,182] INFO django.utils.autoreload: /Users/zshaikh/Documents/projects/SEU_dev/SEU_Tools/apis/utils.py changed, reloading. (in /Users/zshaikh/Documents/projects/SEU_dev/SEU_Tools/venv/lib/python3.12/site-packages/django/utils/autoreload.py:265)
[2025-07-13 22:05:23,405] INFO django.utils.autoreload: Watching for file changes with StatReloader (in /Users/zshaikh/Documents/projects/SEU_dev/SEU_Tools/venv/lib/python3.12/site-packages/django/utils/autoreload.py:667)
[2025-07-13 22:05:24,738] INFO django.utils.autoreload: /Users/zshaikh/Documents/projects/SEU_dev/SEU_Tools/apis/utils.py changed, reloading. (in /Users/zshaikh/Documents/projects/SEU_dev/SEU_Tools/venv/lib/python3.12/site-packages/django/utils/autoreload.py:265)
[2025-07-13 22:05:24,937] INFO django.utils.autoreload: Watching for file changes with StatReloader (in /Users/zshaikh/Documents/projects/SEU_dev/SEU_Tools/venv/lib/python3.12/site-packages/django/utils/autoreload.py:667)
[2025-07-13 22:05:27,283] INFO django.utils.autoreload: /Users/zshaikh/Documents/projects/SEU_dev/SEU_Tools/apis/utils.py changed, reloading. (in /Users/zshaikh/Documents/projects/SEU_dev/SEU_Tools/venv/lib/python3.12/site-packages/django/utils/autoreload.py:265)
[2025-07-13 22:05:27,486] INFO django.utils.autoreload: Watching for file changes with StatReloader (in /Users/zshaikh/Documents/projects/SEU_dev/SEU_Tools/venv/lib/python3.12/site-packages/django/utils/autoreload.py:667)
[2025-07-13 22:05:29,833] INFO django.utils.autoreload: /Users/zshaikh/Documents/projects/SEU_dev/SEU_Tools/apis/utils.py changed, reloading. (in /Users/zshaikh/Documents/projects/SEU_dev/SEU_Tools/venv/lib/python3.12/site-packages/django/utils/autoreload.py:265)
[2025-07-13 22:05:30,059] INFO django.utils.autoreload: Watching for file changes with StatReloader (in /Users/zshaikh/Documents/projects/SEU_dev/SEU_Tools/venv/lib/python3.12/site-packages/django/utils/autoreload.py:667)
[2025-07-13 22:05:33,470] INFO django.utils.autoreload: /Users/zshaikh/Documents/projects/SEU_dev/SEU_Tools/apis/utils.py changed, reloading. (in /Users/zshaikh/Documents/projects/SEU_dev/SEU_Tools/venv/lib/python3.12/site-packages/django/utils/autoreload.py:265)
[2025-07-13 22:05:33,680] INFO django.utils.autoreload: Watching for file changes with StatReloader (in /Users/zshaikh/Documents/projects/SEU_dev/SEU_Tools/venv/lib/python3.12/site-packages/django/utils/autoreload.py:667)
[2025-07-13 22:05:41,191] INFO django.server: "POST /process/upload/ HTTP/1.1" 302 0 (in /Users/zshaikh/Documents/projects/SEU_dev/SEU_Tools/venv/lib/python3.12/site-packages/django/core/servers/basehttp.py:213)
[2025-07-13 22:05:41,200] INFO django.server: "GET /process/ HTTP/1.1" 200 25368 (in /Users/zshaikh/Documents/projects/SEU_dev/SEU_Tools/venv/lib/python3.12/site-packages/django/core/servers/basehttp.py:213)
[2025-07-13 22:05:49,325] INFO django.server: "GET /history/ HTTP/1.1" 200 334909 (in /Users/zshaikh/Documents/projects/SEU_dev/SEU_Tools/venv/lib/python3.12/site-packages/django/core/servers/basehttp.py:213)
[2025-07-13 22:08:05,341] INFO django.utils.autoreload: /Users/zshaikh/Documents/projects/SEU_dev/SEU_Tools/apis/utils.py changed, reloading. (in /Users/zshaikh/Documents/projects/SEU_dev/SEU_Tools/venv/lib/python3.12/site-packages/django/utils/autoreload.py:265)
[2025-07-13 22:08:05,649] INFO django.utils.autoreload: Watching for file changes with StatReloader (in /Users/zshaikh/Documents/projects/SEU_dev/SEU_Tools/venv/lib/python3.12/site-packages/django/utils/autoreload.py:667)
[2025-07-13 22:08:07,758] INFO django.utils.autoreload: /Users/zshaikh/Documents/projects/SEU_dev/SEU_Tools/apis/utils.py changed, reloading. (in /Users/zshaikh/Documents/projects/SEU_dev/SEU_Tools/venv/lib/python3.12/site-packages/django/utils/autoreload.py:265)
[2025-07-13 22:08:07,960] INFO django.utils.autoreload: Watching for file changes with StatReloader (in /Users/zshaikh/Documents/projects/SEU_dev/SEU_Tools/venv/lib/python3.12/site-packages/django/utils/autoreload.py:667)
[2025-07-13 22:08:09,392] INFO django.utils.autoreload: /Users/zshaikh/Documents/projects/SEU_dev/SEU_Tools/apis/utils.py changed, reloading. (in /Users/zshaikh/Documents/projects/SEU_dev/SEU_Tools/venv/lib/python3.12/site-packages/django/utils/autoreload.py:265)
[2025-07-13 22:08:09,587] INFO django.utils.autoreload: Watching for file changes with StatReloader (in /Users/zshaikh/Documents/projects/SEU_dev/SEU_Tools/venv/lib/python3.12/site-packages/django/utils/autoreload.py:667)
[2025-07-13 22:08:11,928] INFO django.utils.autoreload: /Users/zshaikh/Documents/projects/SEU_dev/SEU_Tools/apis/utils.py changed, reloading. (in /Users/zshaikh/Documents/projects/SEU_dev/SEU_Tools/venv/lib/python3.12/site-packages/django/utils/autoreload.py:265)
[2025-07-13 22:08:12,180] INFO django.utils.autoreload: Watching for file changes with StatReloader (in /Users/zshaikh/Documents/projects/SEU_dev/SEU_Tools/venv/lib/python3.12/site-packages/django/utils/autoreload.py:667)
[2025-07-13 22:08:13,265] INFO django.utils.autoreload: /Users/zshaikh/Documents/projects/SEU_dev/SEU_Tools/apis/utils.py changed, reloading. (in /Users/zshaikh/Documents/projects/SEU_dev/SEU_Tools/venv/lib/python3.12/site-packages/django/utils/autoreload.py:265)
[2025-07-13 22:08:13,431] INFO django.utils.autoreload: Watching for file changes with StatReloader (in /Users/zshaikh/Documents/projects/SEU_dev/SEU_Tools/venv/lib/python3.12/site-packages/django/utils/autoreload.py:667)
[2025-07-13 22:08:15,776] INFO django.utils.autoreload: /Users/zshaikh/Documents/projects/SEU_dev/SEU_Tools/apis/utils.py changed, reloading. (in /Users/zshaikh/Documents/projects/SEU_dev/SEU_Tools/venv/lib/python3.12/site-packages/django/utils/autoreload.py:265)
[2025-07-13 22:08:15,990] INFO django.utils.autoreload: Watching for file changes with StatReloader (in /Users/zshaikh/Documents/projects/SEU_dev/SEU_Tools/venv/lib/python3.12/site-packages/django/utils/autoreload.py:667)
[2025-07-13 22:08:17,353] INFO django.utils.autoreload: /Users/zshaikh/Documents/projects/SEU_dev/SEU_Tools/apis/utils.py changed, reloading. (in /Users/zshaikh/Documents/projects/SEU_dev/SEU_Tools/venv/lib/python3.12/site-packages/django/utils/autoreload.py:265)
[2025-07-13 22:08:17,549] INFO django.utils.autoreload: Watching for file changes with StatReloader (in /Users/zshaikh/Documents/projects/SEU_dev/SEU_Tools/venv/lib/python3.12/site-packages/django/utils/autoreload.py:667)
[2025-07-13 22:08:34,273] INFO django.utils.autoreload: /Users/zshaikh/Documents/projects/SEU_dev/SEU_Tools/apis/utils.py changed, reloading. (in /Users/zshaikh/Documents/projects/SEU_dev/SEU_Tools/venv/lib/python3.12/site-packages/django/utils/autoreload.py:265)
[2025-07-13 22:08:34,484] INFO django.utils.autoreload: Watching for file changes with StatReloader (in /Users/zshaikh/Documents/projects/SEU_dev/SEU_Tools/venv/lib/python3.12/site-packages/django/utils/autoreload.py:667)
[2025-07-13 22:08:38,882] INFO django.utils.autoreload: /Users/zshaikh/Documents/projects/SEU_dev/SEU_Tools/apis/utils.py changed, reloading. (in /Users/zshaikh/Documents/projects/SEU_dev/SEU_Tools/venv/lib/python3.12/site-packages/django/utils/autoreload.py:265)
[2025-07-13 22:08:39,090] INFO django.utils.autoreload: Watching for file changes with StatReloader (in /Users/zshaikh/Documents/projects/SEU_dev/SEU_Tools/venv/lib/python3.12/site-packages/django/utils/autoreload.py:667)
[2025-07-13 22:08:40,172] INFO django.utils.autoreload: /Users/zshaikh/Documents/projects/SEU_dev/SEU_Tools/apis/utils.py changed, reloading. (in /Users/zshaikh/Documents/projects/SEU_dev/SEU_Tools/venv/lib/python3.12/site-packages/django/utils/autoreload.py:265)
[2025-07-13 22:08:40,356] INFO django.utils.autoreload: Watching for file changes with StatReloader (in /Users/zshaikh/Documents/projects/SEU_dev/SEU_Tools/venv/lib/python3.12/site-packages/django/utils/autoreload.py:667)
[2025-07-13 22:08:41,746] INFO django.utils.autoreload: /Users/zshaikh/Documents/projects/SEU_dev/SEU_Tools/apis/utils.py changed, reloading. (in /Users/zshaikh/Documents/projects/SEU_dev/SEU_Tools/venv/lib/python3.12/site-packages/django/utils/autoreload.py:265)
[2025-07-13 22:08:41,985] INFO django.utils.autoreload: Watching for file changes with StatReloader (in /Users/zshaikh/Documents/projects/SEU_dev/SEU_Tools/venv/lib/python3.12/site-packages/django/utils/autoreload.py:667)
[2025-07-13 22:08:50,345] INFO django.server: "POST /process/upload/ HTTP/1.1" 302 0 (in /Users/zshaikh/Documents/projects/SEU_dev/SEU_Tools/venv/lib/python3.12/site-packages/django/core/servers/basehttp.py:213)
[2025-07-13 22:08:50,353] INFO django.server: "GET /process/ HTTP/1.1" 200 25368 (in /Users/zshaikh/Documents/projects/SEU_dev/SEU_Tools/venv/lib/python3.12/site-packages/django/core/servers/basehttp.py:213)
[2025-07-13 22:09:02,941] INFO django.utils.autoreload: /Users/zshaikh/Documents/projects/SEU_dev/SEU_Tools/apis/utils.py changed, reloading. (in /Users/zshaikh/Documents/projects/SEU_dev/SEU_Tools/venv/lib/python3.12/site-packages/django/utils/autoreload.py:265)
[2025-07-13 22:09:03,205] INFO django.utils.autoreload: Watching for file changes with StatReloader (in /Users/zshaikh/Documents/projects/SEU_dev/SEU_Tools/venv/lib/python3.12/site-packages/django/utils/autoreload.py:667)
[2025-07-13 22:09:10,733] INFO django.server: "POST /process/upload/ HTTP/1.1" 302 0 (in /Users/zshaikh/Documents/projects/SEU_dev/SEU_Tools/venv/lib/python3.12/site-packages/django/core/servers/basehttp.py:213)
[2025-07-13 22:09:10,740] INFO django.server: "GET /process/ HTTP/1.1" 200 25368 (in /Users/zshaikh/Documents/projects/SEU_dev/SEU_Tools/venv/lib/python3.12/site-packages/django/core/servers/basehttp.py:213)
[2025-07-13 22:09:25,273] INFO django.utils.autoreload: /Users/zshaikh/Documents/projects/SEU_dev/SEU_Tools/apis/utils.py changed, reloading. (in /Users/zshaikh/Documents/projects/SEU_dev/SEU_Tools/venv/lib/python3.12/site-packages/django/utils/autoreload.py:265)
[2025-07-13 22:09:25,513] INFO django.utils.autoreload: Watching for file changes with StatReloader (in /Users/zshaikh/Documents/projects/SEU_dev/SEU_Tools/venv/lib/python3.12/site-packages/django/utils/autoreload.py:667)
[2025-07-13 22:09:32,998] INFO django.server: "POST /process/upload/ HTTP/1.1" 302 0 (in /Users/zshaikh/Documents/projects/SEU_dev/SEU_Tools/venv/lib/python3.12/site-packages/django/core/servers/basehttp.py:213)
[2025-07-13 22:09:33,005] INFO django.server: "GET /process/ HTTP/1.1" 200 25368 (in /Users/zshaikh/Documents/projects/SEU_dev/SEU_Tools/venv/lib/python3.12/site-packages/django/core/servers/basehttp.py:213)
[2025-07-13 22:10:02,041] INFO django.utils.autoreload: /Users/zshaikh/Documents/projects/SEU_dev/SEU_Tools/apis/utils.py changed, reloading. (in /Users/zshaikh/Documents/projects/SEU_dev/SEU_Tools/venv/lib/python3.12/site-packages/django/utils/autoreload.py:265)
[2025-07-13 22:10:02,265] INFO django.utils.autoreload: Watching for file changes with StatReloader (in /Users/zshaikh/Documents/projects/SEU_dev/SEU_Tools/venv/lib/python3.12/site-packages/django/utils/autoreload.py:667)
[2025-07-13 22:10:05,759] INFO django.utils.autoreload: /Users/zshaikh/Documents/projects/SEU_dev/SEU_Tools/apis/utils.py changed, reloading. (in /Users/zshaikh/Documents/projects/SEU_dev/SEU_Tools/venv/lib/python3.12/site-packages/django/utils/autoreload.py:265)
[2025-07-13 22:10:06,003] INFO django.utils.autoreload: Watching for file changes with StatReloader (in /Users/zshaikh/Documents/projects/SEU_dev/SEU_Tools/venv/lib/python3.12/site-packages/django/utils/autoreload.py:667)
[2025-07-13 22:10:09,370] INFO django.utils.autoreload: /Users/zshaikh/Documents/projects/SEU_dev/SEU_Tools/apis/utils.py changed, reloading. (in /Users/zshaikh/Documents/projects/SEU_dev/SEU_Tools/venv/lib/python3.12/site-packages/django/utils/autoreload.py:265)
[2025-07-13 22:10:09,605] INFO django.utils.autoreload: Watching for file changes with StatReloader (in /Users/zshaikh/Documents/projects/SEU_dev/SEU_Tools/venv/lib/python3.12/site-packages/django/utils/autoreload.py:667)
[2025-07-13 22:10:17,201] INFO django.server: "POST /process/upload/ HTTP/1.1" 302 0 (in /Users/zshaikh/Documents/projects/SEU_dev/SEU_Tools/venv/lib/python3.12/site-packages/django/core/servers/basehttp.py:213)
[2025-07-13 22:10:17,209] INFO django.server: "GET /process/ HTTP/1.1" 200 25368 (in /Users/zshaikh/Documents/projects/SEU_dev/SEU_Tools/venv/lib/python3.12/site-packages/django/core/servers/basehttp.py:213)
[2025-07-13 22:10:32,595] INFO django.server: "POST /process/upload/ HTTP/1.1" 302 0 (in /Users/zshaikh/Documents/projects/SEU_dev/SEU_Tools/venv/lib/python3.12/site-packages/django/core/servers/basehttp.py:213)
[2025-07-13 22:10:32,600] INFO django.server: "GET /process/ HTTP/1.1" 200 25368 (in /Users/zshaikh/Documents/projects/SEU_dev/SEU_Tools/venv/lib/python3.12/site-packages/django/core/servers/basehttp.py:213)
[2025-07-13 22:10:45,094] INFO django.utils.autoreload: /Users/zshaikh/Documents/projects/SEU_dev/SEU_Tools/apis/utils.py changed, reloading. (in /Users/zshaikh/Documents/projects/SEU_dev/SEU_Tools/venv/lib/python3.12/site-packages/django/utils/autoreload.py:265)
[2025-07-13 22:10:45,310] INFO django.utils.autoreload: Watching for file changes with StatReloader (in /Users/zshaikh/Documents/projects/SEU_dev/SEU_Tools/venv/lib/python3.12/site-packages/django/utils/autoreload.py:667)
[2025-07-13 22:10:50,478] INFO django.utils.autoreload: /Users/zshaikh/Documents/projects/SEU_dev/SEU_Tools/apis/utils.py changed, reloading. (in /Users/zshaikh/Documents/projects/SEU_dev/SEU_Tools/venv/lib/python3.12/site-packages/django/utils/autoreload.py:265)
[2025-07-13 22:10:50,660] INFO django.utils.autoreload: Watching for file changes with StatReloader (in /Users/zshaikh/Documents/projects/SEU_dev/SEU_Tools/venv/lib/python3.12/site-packages/django/utils/autoreload.py:667)
[2025-07-13 22:10:57,867] INFO django.utils.autoreload: /Users/zshaikh/Documents/projects/SEU_dev/SEU_Tools/apis/utils.py changed, reloading. (in /Users/zshaikh/Documents/projects/SEU_dev/SEU_Tools/venv/lib/python3.12/site-packages/django/utils/autoreload.py:265)
[2025-07-13 22:10:58,091] INFO django.utils.autoreload: Watching for file changes with StatReloader (in /Users/zshaikh/Documents/projects/SEU_dev/SEU_Tools/venv/lib/python3.12/site-packages/django/utils/autoreload.py:667)
[2025-07-13 22:11:00,195] INFO django.utils.autoreload: /Users/zshaikh/Documents/projects/SEU_dev/SEU_Tools/apis/utils.py changed, reloading. (in /Users/zshaikh/Documents/projects/SEU_dev/SEU_Tools/venv/lib/python3.12/site-packages/django/utils/autoreload.py:265)
[2025-07-13 22:11:00,378] INFO django.utils.autoreload: Watching for file changes with StatReloader (in /Users/zshaikh/Documents/projects/SEU_dev/SEU_Tools/venv/lib/python3.12/site-packages/django/utils/autoreload.py:667)
[2025-07-13 22:11:01,466] INFO django.utils.autoreload: /Users/zshaikh/Documents/projects/SEU_dev/SEU_Tools/apis/utils.py changed, reloading. (in /Users/zshaikh/Documents/projects/SEU_dev/SEU_Tools/venv/lib/python3.12/site-packages/django/utils/autoreload.py:265)
[2025-07-13 22:11:01,657] INFO django.utils.autoreload: Watching for file changes with StatReloader (in /Users/zshaikh/Documents/projects/SEU_dev/SEU_Tools/venv/lib/python3.12/site-packages/django/utils/autoreload.py:667)
[2025-07-13 22:11:05,041] INFO django.utils.autoreload: /Users/zshaikh/Documents/projects/SEU_dev/SEU_Tools/apis/utils.py changed, reloading. (in /Users/zshaikh/Documents/projects/SEU_dev/SEU_Tools/venv/lib/python3.12/site-packages/django/utils/autoreload.py:265)
[2025-07-13 22:11:05,261] INFO django.utils.autoreload: Watching for file changes with StatReloader (in /Users/zshaikh/Documents/projects/SEU_dev/SEU_Tools/venv/lib/python3.12/site-packages/django/utils/autoreload.py:667)
[2025-07-13 22:11:07,610] INFO django.utils.autoreload: /Users/zshaikh/Documents/projects/SEU_dev/SEU_Tools/apis/utils.py changed, reloading. (in /Users/zshaikh/Documents/projects/SEU_dev/SEU_Tools/venv/lib/python3.12/site-packages/django/utils/autoreload.py:265)
[2025-07-13 22:11:07,822] INFO django.utils.autoreload: Watching for file changes with StatReloader (in /Users/zshaikh/Documents/projects/SEU_dev/SEU_Tools/venv/lib/python3.12/site-packages/django/utils/autoreload.py:667)
[2025-07-13 22:11:09,164] INFO django.utils.autoreload: /Users/zshaikh/Documents/projects/SEU_dev/SEU_Tools/apis/utils.py changed, reloading. (in /Users/zshaikh/Documents/projects/SEU_dev/SEU_Tools/venv/lib/python3.12/site-packages/django/utils/autoreload.py:265)
[2025-07-13 22:11:09,358] INFO django.utils.autoreload: Watching for file changes with StatReloader (in /Users/zshaikh/Documents/projects/SEU_dev/SEU_Tools/venv/lib/python3.12/site-packages/django/utils/autoreload.py:667)
[2025-07-13 22:11:17,876] INFO django.utils.autoreload: /Users/zshaikh/Documents/projects/SEU_dev/SEU_Tools/apis/utils.py changed, reloading. (in /Users/zshaikh/Documents/projects/SEU_dev/SEU_Tools/venv/lib/python3.12/site-packages/django/utils/autoreload.py:265)
[2025-07-13 22:11:18,116] INFO django.utils.autoreload: Watching for file changes with StatReloader (in /Users/zshaikh/Documents/projects/SEU_dev/SEU_Tools/venv/lib/python3.12/site-packages/django/utils/autoreload.py:667)
[2025-07-13 22:11:19,501] INFO django.utils.autoreload: /Users/zshaikh/Documents/projects/SEU_dev/SEU_Tools/apis/utils.py changed, reloading. (in /Users/zshaikh/Documents/projects/SEU_dev/SEU_Tools/venv/lib/python3.12/site-packages/django/utils/autoreload.py:265)
[2025-07-13 22:11:19,706] INFO django.utils.autoreload: Watching for file changes with StatReloader (in /Users/zshaikh/Documents/projects/SEU_dev/SEU_Tools/venv/lib/python3.12/site-packages/django/utils/autoreload.py:667)
[2025-07-13 22:11:22,105] INFO django.utils.autoreload: /Users/zshaikh/Documents/projects/SEU_dev/SEU_Tools/apis/utils.py changed, reloading. (in /Users/zshaikh/Documents/projects/SEU_dev/SEU_Tools/venv/lib/python3.12/site-packages/django/utils/autoreload.py:265)
[2025-07-13 22:11:22,313] INFO django.utils.autoreload: Watching for file changes with StatReloader (in /Users/zshaikh/Documents/projects/SEU_dev/SEU_Tools/venv/lib/python3.12/site-packages/django/utils/autoreload.py:667)
[2025-07-13 22:11:29,753] INFO django.server: "POST /process/upload/ HTTP/1.1" 302 0 (in /Users/zshaikh/Documents/projects/SEU_dev/SEU_Tools/venv/lib/python3.12/site-packages/django/core/servers/basehttp.py:213)
[2025-07-13 22:11:29,759] INFO django.server: "GET /process/ HTTP/1.1" 200 25368 (in /Users/zshaikh/Documents/projects/SEU_dev/SEU_Tools/venv/lib/python3.12/site-packages/django/core/servers/basehttp.py:213)
[2025-07-13 22:11:45,635] INFO django.server: "POST /process/upload/ HTTP/1.1" 302 0 (in /Users/zshaikh/Documents/projects/SEU_dev/SEU_Tools/venv/lib/python3.12/site-packages/django/core/servers/basehttp.py:213)
[2025-07-13 22:11:45,640] INFO django.server: "GET /process/ HTTP/1.1" 200 25368 (in /Users/zshaikh/Documents/projects/SEU_dev/SEU_Tools/venv/lib/python3.12/site-packages/django/core/servers/basehttp.py:213)
[2025-07-13 22:11:52,302] INFO django.server: "POST /process/upload/ HTTP/1.1" 302 0 (in /Users/zshaikh/Documents/projects/SEU_dev/SEU_Tools/venv/lib/python3.12/site-packages/django/core/servers/basehttp.py:213)
[2025-07-13 22:11:52,306] INFO django.server: "GET /process/ HTTP/1.1" 200 25368 (in /Users/zshaikh/Documents/projects/SEU_dev/SEU_Tools/venv/lib/python3.12/site-packages/django/core/servers/basehttp.py:213)
[2025-07-13 22:12:24,344] INFO django.utils.autoreload: /Users/zshaikh/Documents/projects/SEU_dev/SEU_Tools/apis/utils.py changed, reloading. (in /Users/zshaikh/Documents/projects/SEU_dev/SEU_Tools/venv/lib/python3.12/site-packages/django/utils/autoreload.py:265)
[2025-07-13 22:12:24,648] INFO django.utils.autoreload: Watching for file changes with StatReloader (in /Users/zshaikh/Documents/projects/SEU_dev/SEU_Tools/venv/lib/python3.12/site-packages/django/utils/autoreload.py:667)
[2025-07-13 22:12:31,982] INFO django.server: "POST /process/upload/ HTTP/1.1" 302 0 (in /Users/zshaikh/Documents/projects/SEU_dev/SEU_Tools/venv/lib/python3.12/site-packages/django/core/servers/basehttp.py:213)
[2025-07-13 22:12:31,988] INFO django.server: "GET /process/ HTTP/1.1" 200 25368 (in /Users/zshaikh/Documents/projects/SEU_dev/SEU_Tools/venv/lib/python3.12/site-packages/django/core/servers/basehttp.py:213)
[2025-07-13 22:12:43,274] INFO django.server: "POST /process/upload/ HTTP/1.1" 302 0 (in /Users/zshaikh/Documents/projects/SEU_dev/SEU_Tools/venv/lib/python3.12/site-packages/django/core/servers/basehttp.py:213)
[2025-07-13 22:12:43,279] INFO django.server: "GET /process/ HTTP/1.1" 200 25368 (in /Users/zshaikh/Documents/projects/SEU_dev/SEU_Tools/venv/lib/python3.12/site-packages/django/core/servers/basehttp.py:213)
[2025-07-13 22:13:14,507] INFO django.utils.autoreload: /Users/zshaikh/Documents/projects/SEU_dev/SEU_Tools/apis/utils.py changed, reloading. (in /Users/zshaikh/Documents/projects/SEU_dev/SEU_Tools/venv/lib/python3.12/site-packages/django/utils/autoreload.py:265)
[2025-07-13 22:13:14,822] INFO django.utils.autoreload: Watching for file changes with StatReloader (in /Users/zshaikh/Documents/projects/SEU_dev/SEU_Tools/venv/lib/python3.12/site-packages/django/utils/autoreload.py:667)
[2025-07-13 22:13:17,285] INFO django.utils.autoreload: /Users/zshaikh/Documents/projects/SEU_dev/SEU_Tools/apis/utils.py changed, reloading. (in /Users/zshaikh/Documents/projects/SEU_dev/SEU_Tools/venv/lib/python3.12/site-packages/django/utils/autoreload.py:265)
[2025-07-13 22:13:17,520] INFO django.utils.autoreload: Watching for file changes with StatReloader (in /Users/zshaikh/Documents/projects/SEU_dev/SEU_Tools/venv/lib/python3.12/site-packages/django/utils/autoreload.py:667)
[2025-07-13 22:13:19,882] INFO django.utils.autoreload: /Users/zshaikh/Documents/projects/SEU_dev/SEU_Tools/apis/utils.py changed, reloading. (in /Users/zshaikh/Documents/projects/SEU_dev/SEU_Tools/venv/lib/python3.12/site-packages/django/utils/autoreload.py:265)
[2025-07-13 22:13:20,125] INFO django.utils.autoreload: Watching for file changes with StatReloader (in /Users/zshaikh/Documents/projects/SEU_dev/SEU_Tools/venv/lib/python3.12/site-packages/django/utils/autoreload.py:667)
[2025-07-13 22:13:27,585] INFO django.utils.autoreload: /Users/zshaikh/Documents/projects/SEU_dev/SEU_Tools/apis/utils.py changed, reloading. (in /Users/zshaikh/Documents/projects/SEU_dev/SEU_Tools/venv/lib/python3.12/site-packages/django/utils/autoreload.py:265)
[2025-07-13 22:13:27,823] INFO django.utils.autoreload: Watching for file changes with StatReloader (in /Users/zshaikh/Documents/projects/SEU_dev/SEU_Tools/venv/lib/python3.12/site-packages/django/utils/autoreload.py:667)
[2025-07-13 22:13:29,187] INFO django.utils.autoreload: /Users/zshaikh/Documents/projects/SEU_dev/SEU_Tools/apis/utils.py changed, reloading. (in /Users/zshaikh/Documents/projects/SEU_dev/SEU_Tools/venv/lib/python3.12/site-packages/django/utils/autoreload.py:265)
[2025-07-13 22:13:29,391] INFO django.utils.autoreload: Watching for file changes with StatReloader (in /Users/zshaikh/Documents/projects/SEU_dev/SEU_Tools/venv/lib/python3.12/site-packages/django/utils/autoreload.py:667)
[2025-07-13 22:13:40,757] INFO django.server: "POST /process/upload/ HTTP/1.1" 302 0 (in /Users/zshaikh/Documents/projects/SEU_dev/SEU_Tools/venv/lib/python3.12/site-packages/django/core/servers/basehttp.py:213)
[2025-07-13 22:13:40,766] INFO django.server: "GET /process/ HTTP/1.1" 200 25368 (in /Users/zshaikh/Documents/projects/SEU_dev/SEU_Tools/venv/lib/python3.12/site-packages/django/core/servers/basehttp.py:213)
[2025-07-13 22:13:44,595] INFO django.server: "GET /history/ HTTP/1.1" 200 396816 (in /Users/zshaikh/Documents/projects/SEU_dev/SEU_Tools/venv/lib/python3.12/site-packages/django/core/servers/basehttp.py:213)
[2025-07-13 22:14:03,808] INFO django.utils.autoreload: /Users/zshaikh/Documents/projects/SEU_dev/SEU_Tools/apis/utils.py changed, reloading. (in /Users/zshaikh/Documents/projects/SEU_dev/SEU_Tools/venv/lib/python3.12/site-packages/django/utils/autoreload.py:265)
[2025-07-13 22:14:04,155] INFO django.utils.autoreload: Watching for file changes with StatReloader (in /Users/zshaikh/Documents/projects/SEU_dev/SEU_Tools/venv/lib/python3.12/site-packages/django/utils/autoreload.py:667)
[2025-07-13 22:14:05,575] INFO django.utils.autoreload: /Users/zshaikh/Documents/projects/SEU_dev/SEU_Tools/apis/utils.py changed, reloading. (in /Users/zshaikh/Documents/projects/SEU_dev/SEU_Tools/venv/lib/python3.12/site-packages/django/utils/autoreload.py:265)
[2025-07-13 22:14:05,800] INFO django.utils.autoreload: Watching for file changes with StatReloader (in /Users/zshaikh/Documents/projects/SEU_dev/SEU_Tools/venv/lib/python3.12/site-packages/django/utils/autoreload.py:667)
[2025-07-13 22:14:13,260] INFO django.server: "POST /process/upload/ HTTP/1.1" 302 0 (in /Users/zshaikh/Documents/projects/SEU_dev/SEU_Tools/venv/lib/python3.12/site-packages/django/core/servers/basehttp.py:213)
[2025-07-13 22:14:13,269] INFO django.server: "GET /process/ HTTP/1.1" 200 25368 (in /Users/zshaikh/Documents/projects/SEU_dev/SEU_Tools/venv/lib/python3.12/site-packages/django/core/servers/basehttp.py:213)
[2025-07-13 22:14:26,540] INFO django.server: "POST /process/upload/ HTTP/1.1" 302 0 (in /Users/zshaikh/Documents/projects/SEU_dev/SEU_Tools/venv/lib/python3.12/site-packages/django/core/servers/basehttp.py:213)
[2025-07-13 22:14:26,546] INFO django.server: "GET /process/ HTTP/1.1" 200 25368 (in /Users/zshaikh/Documents/projects/SEU_dev/SEU_Tools/venv/lib/python3.12/site-packages/django/core/servers/basehttp.py:213)
[2025-07-13 22:14:35,907] INFO django.utils.autoreload: /Users/zshaikh/Documents/projects/SEU_dev/SEU_Tools/apis/utils.py changed, reloading. (in /Users/zshaikh/Documents/projects/SEU_dev/SEU_Tools/venv/lib/python3.12/site-packages/django/utils/autoreload.py:265)
[2025-07-13 22:14:36,202] INFO django.utils.autoreload: Watching for file changes with StatReloader (in /Users/zshaikh/Documents/projects/SEU_dev/SEU_Tools/venv/lib/python3.12/site-packages/django/utils/autoreload.py:667)
[2025-07-13 22:14:39,607] INFO django.utils.autoreload: /Users/zshaikh/Documents/projects/SEU_dev/SEU_Tools/apis/utils.py changed, reloading. (in /Users/zshaikh/Documents/projects/SEU_dev/SEU_Tools/venv/lib/python3.12/site-packages/django/utils/autoreload.py:265)
[2025-07-13 22:14:39,836] INFO django.utils.autoreload: Watching for file changes with StatReloader (in /Users/zshaikh/Documents/projects/SEU_dev/SEU_Tools/venv/lib/python3.12/site-packages/django/utils/autoreload.py:667)
[2025-07-13 22:14:43,247] INFO django.utils.autoreload: /Users/zshaikh/Documents/projects/SEU_dev/SEU_Tools/apis/utils.py changed, reloading. (in /Users/zshaikh/Documents/projects/SEU_dev/SEU_Tools/venv/lib/python3.12/site-packages/django/utils/autoreload.py:265)
[2025-07-13 22:14:43,561] INFO django.utils.autoreload: Watching for file changes with StatReloader (in /Users/zshaikh/Documents/projects/SEU_dev/SEU_Tools/venv/lib/python3.12/site-packages/django/utils/autoreload.py:667)
[2025-07-13 22:14:59,032] INFO django.server: "POST /process/upload/ HTTP/1.1" 302 0 (in /Users/zshaikh/Documents/projects/SEU_dev/SEU_Tools/venv/lib/python3.12/site-packages/django/core/servers/basehttp.py:213)
[2025-07-13 22:14:59,040] INFO django.server: "GET /process/ HTTP/1.1" 200 25368 (in /Users/zshaikh/Documents/projects/SEU_dev/SEU_Tools/venv/lib/python3.12/site-packages/django/core/servers/basehttp.py:213)
[2025-07-13 22:15:15,812] INFO django.utils.autoreload: /Users/zshaikh/Documents/projects/SEU_dev/SEU_Tools/apis/utils.py changed, reloading. (in /Users/zshaikh/Documents/projects/SEU_dev/SEU_Tools/venv/lib/python3.12/site-packages/django/utils/autoreload.py:265)
[2025-07-13 22:15:16,134] INFO django.utils.autoreload: Watching for file changes with StatReloader (in /Users/zshaikh/Documents/projects/SEU_dev/SEU_Tools/venv/lib/python3.12/site-packages/django/utils/autoreload.py:667)
[2025-07-13 22:15:18,524] INFO django.utils.autoreload: /Users/zshaikh/Documents/projects/SEU_dev/SEU_Tools/apis/utils.py changed, reloading. (in /Users/zshaikh/Documents/projects/SEU_dev/SEU_Tools/venv/lib/python3.12/site-packages/django/utils/autoreload.py:265)
[2025-07-13 22:15:18,752] INFO django.utils.autoreload: Watching for file changes with StatReloader (in /Users/zshaikh/Documents/projects/SEU_dev/SEU_Tools/venv/lib/python3.12/site-packages/django/utils/autoreload.py:667)
[2025-07-13 22:15:27,116] INFO django.server: "POST /process/upload/ HTTP/1.1" 302 0 (in /Users/zshaikh/Documents/projects/SEU_dev/SEU_Tools/venv/lib/python3.12/site-packages/django/core/servers/basehttp.py:213)
[2025-07-13 22:15:27,123] INFO django.server: "GET /process/ HTTP/1.1" 200 25368 (in /Users/zshaikh/Documents/projects/SEU_dev/SEU_Tools/venv/lib/python3.12/site-packages/django/core/servers/basehttp.py:213)
[2025-07-13 22:16:12,621] INFO django.utils.autoreload: /Users/zshaikh/Documents/projects/SEU_dev/SEU_Tools/apis/utils.py changed, reloading. (in /Users/zshaikh/Documents/projects/SEU_dev/SEU_Tools/venv/lib/python3.12/site-packages/django/utils/autoreload.py:265)
[2025-07-13 22:16:12,866] INFO django.utils.autoreload: Watching for file changes with StatReloader (in /Users/zshaikh/Documents/projects/SEU_dev/SEU_Tools/venv/lib/python3.12/site-packages/django/utils/autoreload.py:667)
[2025-07-13 22:16:19,228] INFO django.server: "POST /process/upload/ HTTP/1.1" 302 0 (in /Users/zshaikh/Documents/projects/SEU_dev/SEU_Tools/venv/lib/python3.12/site-packages/django/core/servers/basehttp.py:213)
[2025-07-13 22:16:19,235] INFO django.server: "GET /process/ HTTP/1.1" 200 25368 (in /Users/zshaikh/Documents/projects/SEU_dev/SEU_Tools/venv/lib/python3.12/site-packages/django/core/servers/basehttp.py:213)
[2025-07-13 22:16:37,899] INFO django.utils.autoreload: /Users/zshaikh/Documents/projects/SEU_dev/SEU_Tools/apis/utils.py changed, reloading. (in /Users/zshaikh/Documents/projects/SEU_dev/SEU_Tools/venv/lib/python3.12/site-packages/django/utils/autoreload.py:265)
[2025-07-13 22:16:38,122] INFO django.utils.autoreload: Watching for file changes with StatReloader (in /Users/zshaikh/Documents/projects/SEU_dev/SEU_Tools/venv/lib/python3.12/site-packages/django/utils/autoreload.py:667)
[2025-07-13 22:16:42,514] INFO django.utils.autoreload: /Users/zshaikh/Documents/projects/SEU_dev/SEU_Tools/apis/utils.py changed, reloading. (in /Users/zshaikh/Documents/projects/SEU_dev/SEU_Tools/venv/lib/python3.12/site-packages/django/utils/autoreload.py:265)
[2025-07-13 22:16:42,736] INFO django.utils.autoreload: Watching for file changes with StatReloader (in /Users/zshaikh/Documents/projects/SEU_dev/SEU_Tools/venv/lib/python3.12/site-packages/django/utils/autoreload.py:667)
[2025-07-13 22:17:04,248] INFO django.server: "POST /process/upload/ HTTP/1.1" 302 0 (in /Users/zshaikh/Documents/projects/SEU_dev/SEU_Tools/venv/lib/python3.12/site-packages/django/core/servers/basehttp.py:213)
[2025-07-13 22:17:04,255] INFO django.server: "GET /process/ HTTP/1.1" 200 25368 (in /Users/zshaikh/Documents/projects/SEU_dev/SEU_Tools/venv/lib/python3.12/site-packages/django/core/servers/basehttp.py:213)
[2025-07-13 22:17:34,564] INFO django.utils.autoreload: /Users/zshaikh/Documents/projects/SEU_dev/SEU_Tools/apis/utils.py changed, reloading. (in /Users/zshaikh/Documents/projects/SEU_dev/SEU_Tools/venv/lib/python3.12/site-packages/django/utils/autoreload.py:265)
[2025-07-13 22:17:34,790] INFO django.utils.autoreload: Watching for file changes with StatReloader (in /Users/zshaikh/Documents/projects/SEU_dev/SEU_Tools/venv/lib/python3.12/site-packages/django/utils/autoreload.py:667)
[2025-07-13 22:17:38,207] INFO django.utils.autoreload: /Users/zshaikh/Documents/projects/SEU_dev/SEU_Tools/apis/utils.py changed, reloading. (in /Users/zshaikh/Documents/projects/SEU_dev/SEU_Tools/venv/lib/python3.12/site-packages/django/utils/autoreload.py:265)
[2025-07-13 22:17:38,436] INFO django.utils.autoreload: Watching for file changes with StatReloader (in /Users/zshaikh/Documents/projects/SEU_dev/SEU_Tools/venv/lib/python3.12/site-packages/django/utils/autoreload.py:667)
[2025-07-13 22:17:52,112] INFO django.server: "POST /process/upload/ HTTP/1.1" 302 0 (in /Users/zshaikh/Documents/projects/SEU_dev/SEU_Tools/venv/lib/python3.12/site-packages/django/core/servers/basehttp.py:213)
[2025-07-13 22:17:52,119] INFO django.server: "GET /process/ HTTP/1.1" 200 25368 (in /Users/zshaikh/Documents/projects/SEU_dev/SEU_Tools/venv/lib/python3.12/site-packages/django/core/servers/basehttp.py:213)
[2025-07-13 22:18:01,412] INFO django.utils.autoreload: /Users/zshaikh/Documents/projects/SEU_dev/SEU_Tools/apis/utils.py changed, reloading. (in /Users/zshaikh/Documents/projects/SEU_dev/SEU_Tools/venv/lib/python3.12/site-packages/django/utils/autoreload.py:265)
[2025-07-13 22:18:01,699] INFO django.utils.autoreload: Watching for file changes with StatReloader (in /Users/zshaikh/Documents/projects/SEU_dev/SEU_Tools/venv/lib/python3.12/site-packages/django/utils/autoreload.py:667)
[2025-07-13 22:18:10,395] INFO django.server: "POST /process/upload/ HTTP/1.1" 302 0 (in /Users/zshaikh/Documents/projects/SEU_dev/SEU_Tools/venv/lib/python3.12/site-packages/django/core/servers/basehttp.py:213)
[2025-07-13 22:18:10,405] INFO django.server: "GET /process/ HTTP/1.1" 200 25368 (in /Users/zshaikh/Documents/projects/SEU_dev/SEU_Tools/venv/lib/python3.12/site-packages/django/core/servers/basehttp.py:213)
[2025-07-13 22:18:28,911] INFO django.utils.autoreload: /Users/zshaikh/Documents/projects/SEU_dev/SEU_Tools/apis/utils.py changed, reloading. (in /Users/zshaikh/Documents/projects/SEU_dev/SEU_Tools/venv/lib/python3.12/site-packages/django/utils/autoreload.py:265)
[2025-07-13 22:18:29,202] INFO django.utils.autoreload: Watching for file changes with StatReloader (in /Users/zshaikh/Documents/projects/SEU_dev/SEU_Tools/venv/lib/python3.12/site-packages/django/utils/autoreload.py:667)
[2025-07-13 22:18:37,742] INFO django.utils.autoreload: /Users/zshaikh/Documents/projects/SEU_dev/SEU_Tools/apis/utils.py changed, reloading. (in /Users/zshaikh/Documents/projects/SEU_dev/SEU_Tools/venv/lib/python3.12/site-packages/django/utils/autoreload.py:265)
[2025-07-13 22:18:37,973] INFO django.utils.autoreload: Watching for file changes with StatReloader (in /Users/zshaikh/Documents/projects/SEU_dev/SEU_Tools/venv/lib/python3.12/site-packages/django/utils/autoreload.py:667)
[2025-07-13 22:18:47,930] INFO django.server: "POST /process/upload/ HTTP/1.1" 302 0 (in /Users/zshaikh/Documents/projects/SEU_dev/SEU_Tools/venv/lib/python3.12/site-packages/django/core/servers/basehttp.py:213)
[2025-07-13 22:18:47,938] INFO django.server: "GET /process/ HTTP/1.1" 200 25368 (in /Users/zshaikh/Documents/projects/SEU_dev/SEU_Tools/venv/lib/python3.12/site-packages/django/core/servers/basehttp.py:213)
[2025-07-13 22:18:57,257] INFO django.server: "POST /process/upload/ HTTP/1.1" 302 0 (in /Users/zshaikh/Documents/projects/SEU_dev/SEU_Tools/venv/lib/python3.12/site-packages/django/core/servers/basehttp.py:213)
[2025-07-13 22:18:57,262] INFO django.server: "GET /process/ HTTP/1.1" 200 25368 (in /Users/zshaikh/Documents/projects/SEU_dev/SEU_Tools/venv/lib/python3.12/site-packages/django/core/servers/basehttp.py:213)
[2025-07-13 22:19:03,843] INFO django.server: "POST /process/upload/ HTTP/1.1" 302 0 (in /Users/zshaikh/Documents/projects/SEU_dev/SEU_Tools/venv/lib/python3.12/site-packages/django/core/servers/basehttp.py:213)
[2025-07-13 22:19:03,848] INFO django.server: "GET /process/ HTTP/1.1" 200 25368 (in /Users/zshaikh/Documents/projects/SEU_dev/SEU_Tools/venv/lib/python3.12/site-packages/django/core/servers/basehttp.py:213)
[2025-07-13 22:19:10,274] INFO django.utils.autoreload: /Users/zshaikh/Documents/projects/SEU_dev/SEU_Tools/apis/utils.py changed, reloading. (in /Users/zshaikh/Documents/projects/SEU_dev/SEU_Tools/venv/lib/python3.12/site-packages/django/utils/autoreload.py:265)
[2025-07-13 22:19:10,565] INFO django.utils.autoreload: Watching for file changes with StatReloader (in /Users/zshaikh/Documents/projects/SEU_dev/SEU_Tools/venv/lib/python3.12/site-packages/django/utils/autoreload.py:667)
[2025-07-13 22:19:13,066] INFO django.utils.autoreload: /Users/zshaikh/Documents/projects/SEU_dev/SEU_Tools/apis/utils.py changed, reloading. (in /Users/zshaikh/Documents/projects/SEU_dev/SEU_Tools/venv/lib/python3.12/site-packages/django/utils/autoreload.py:265)
[2025-07-13 22:19:13,294] INFO django.utils.autoreload: Watching for file changes with StatReloader (in /Users/zshaikh/Documents/projects/SEU_dev/SEU_Tools/venv/lib/python3.12/site-packages/django/utils/autoreload.py:667)
[2025-07-13 22:19:22,598] INFO django.server: "POST /process/upload/ HTTP/1.1" 302 0 (in /Users/zshaikh/Documents/projects/SEU_dev/SEU_Tools/venv/lib/python3.12/site-packages/django/core/servers/basehttp.py:213)
[2025-07-13 22:19:22,606] INFO django.server: "GET /process/ HTTP/1.1" 200 25368 (in /Users/zshaikh/Documents/projects/SEU_dev/SEU_Tools/venv/lib/python3.12/site-packages/django/core/servers/basehttp.py:213)
[2025-07-13 22:19:28,893] INFO django.server: "POST /process/upload/ HTTP/1.1" 302 0 (in /Users/zshaikh/Documents/projects/SEU_dev/SEU_Tools/venv/lib/python3.12/site-packages/django/core/servers/basehttp.py:213)
[2025-07-13 22:19:28,898] INFO django.server: "GET /process/ HTTP/1.1" 200 25368 (in /Users/zshaikh/Documents/projects/SEU_dev/SEU_Tools/venv/lib/python3.12/site-packages/django/core/servers/basehttp.py:213)
[2025-07-13 22:19:31,461] INFO django.server: "GET /history/ HTTP/1.1" 200 469977 (in /Users/zshaikh/Documents/projects/SEU_dev/SEU_Tools/venv/lib/python3.12/site-packages/django/core/servers/basehttp.py:213)
[2025-07-13 22:20:06,139] INFO django.utils.autoreload: /Users/zshaikh/Documents/projects/SEU_dev/SEU_Tools/apis/utils.py changed, reloading. (in /Users/zshaikh/Documents/projects/SEU_dev/SEU_Tools/venv/lib/python3.12/site-packages/django/utils/autoreload.py:265)
[2025-07-13 22:20:06,443] INFO django.utils.autoreload: Watching for file changes with StatReloader (in /Users/zshaikh/Documents/projects/SEU_dev/SEU_Tools/venv/lib/python3.12/site-packages/django/utils/autoreload.py:667)
[2025-07-13 22:20:07,954] INFO django.utils.autoreload: /Users/zshaikh/Documents/projects/SEU_dev/SEU_Tools/apis/utils.py changed, reloading. (in /Users/zshaikh/Documents/projects/SEU_dev/SEU_Tools/venv/lib/python3.12/site-packages/django/utils/autoreload.py:265)
[2025-07-13 22:20:08,152] INFO django.utils.autoreload: Watching for file changes with StatReloader (in /Users/zshaikh/Documents/projects/SEU_dev/SEU_Tools/venv/lib/python3.12/site-packages/django/utils/autoreload.py:667)
[2025-07-13 22:20:21,806] INFO django.utils.autoreload: /Users/zshaikh/Documents/projects/SEU_dev/SEU_Tools/apis/utils.py changed, reloading. (in /Users/zshaikh/Documents/projects/SEU_dev/SEU_Tools/venv/lib/python3.12/site-packages/django/utils/autoreload.py:265)
[2025-07-13 22:20:22,028] INFO django.utils.autoreload: Watching for file changes with StatReloader (in /Users/zshaikh/Documents/projects/SEU_dev/SEU_Tools/venv/lib/python3.12/site-packages/django/utils/autoreload.py:667)
[2025-07-13 22:20:36,738] INFO django.utils.autoreload: /Users/zshaikh/Documents/projects/SEU_dev/SEU_Tools/apis/utils.py changed, reloading. (in /Users/zshaikh/Documents/projects/SEU_dev/SEU_Tools/venv/lib/python3.12/site-packages/django/utils/autoreload.py:265)
[2025-07-13 22:20:36,951] INFO django.utils.autoreload: Watching for file changes with StatReloader (in /Users/zshaikh/Documents/projects/SEU_dev/SEU_Tools/venv/lib/python3.12/site-packages/django/utils/autoreload.py:667)
[2025-07-13 22:20:43,450] INFO django.utils.autoreload: /Users/zshaikh/Documents/projects/SEU_dev/SEU_Tools/apis/utils.py changed, reloading. (in /Users/zshaikh/Documents/projects/SEU_dev/SEU_Tools/venv/lib/python3.12/site-packages/django/utils/autoreload.py:265)
[2025-07-13 22:20:43,675] INFO django.utils.autoreload: Watching for file changes with StatReloader (in /Users/zshaikh/Documents/projects/SEU_dev/SEU_Tools/venv/lib/python3.12/site-packages/django/utils/autoreload.py:667)
[2025-07-13 22:20:45,030] INFO django.utils.autoreload: /Users/zshaikh/Documents/projects/SEU_dev/SEU_Tools/apis/utils.py changed, reloading. (in /Users/zshaikh/Documents/projects/SEU_dev/SEU_Tools/venv/lib/python3.12/site-packages/django/utils/autoreload.py:265)
[2025-07-13 22:20:45,228] INFO django.utils.autoreload: Watching for file changes with StatReloader (in /Users/zshaikh/Documents/projects/SEU_dev/SEU_Tools/venv/lib/python3.12/site-packages/django/utils/autoreload.py:667)
[2025-07-13 22:20:48,649] INFO django.utils.autoreload: /Users/zshaikh/Documents/projects/SEU_dev/SEU_Tools/apis/utils.py changed, reloading. (in /Users/zshaikh/Documents/projects/SEU_dev/SEU_Tools/venv/lib/python3.12/site-packages/django/utils/autoreload.py:265)
[2025-07-13 22:20:48,868] INFO django.utils.autoreload: Watching for file changes with StatReloader (in /Users/zshaikh/Documents/projects/SEU_dev/SEU_Tools/venv/lib/python3.12/site-packages/django/utils/autoreload.py:667)
[2025-07-13 22:20:53,261] INFO django.utils.autoreload: /Users/zshaikh/Documents/projects/SEU_dev/SEU_Tools/apis/utils.py changed, reloading. (in /Users/zshaikh/Documents/projects/SEU_dev/SEU_Tools/venv/lib/python3.12/site-packages/django/utils/autoreload.py:265)
[2025-07-13 22:20:53,491] INFO django.utils.autoreload: Watching for file changes with StatReloader (in /Users/zshaikh/Documents/projects/SEU_dev/SEU_Tools/venv/lib/python3.12/site-packages/django/utils/autoreload.py:667)
[2025-07-13 22:20:55,856] INFO django.utils.autoreload: /Users/zshaikh/Documents/projects/SEU_dev/SEU_Tools/apis/utils.py changed, reloading. (in /Users/zshaikh/Documents/projects/SEU_dev/SEU_Tools/venv/lib/python3.12/site-packages/django/utils/autoreload.py:265)
[2025-07-13 22:20:56,077] INFO django.utils.autoreload: Watching for file changes with StatReloader (in /Users/zshaikh/Documents/projects/SEU_dev/SEU_Tools/venv/lib/python3.12/site-packages/django/utils/autoreload.py:667)
[2025-07-13 22:20:59,430] INFO django.utils.autoreload: /Users/zshaikh/Documents/projects/SEU_dev/SEU_Tools/apis/utils.py changed, reloading. (in /Users/zshaikh/Documents/projects/SEU_dev/SEU_Tools/venv/lib/python3.12/site-packages/django/utils/autoreload.py:265)
[2025-07-13 22:20:59,652] INFO django.utils.autoreload: Watching for file changes with StatReloader (in /Users/zshaikh/Documents/projects/SEU_dev/SEU_Tools/venv/lib/python3.12/site-packages/django/utils/autoreload.py:667)
[2025-07-13 22:21:03,053] INFO django.utils.autoreload: /Users/zshaikh/Documents/projects/SEU_dev/SEU_Tools/apis/utils.py changed, reloading. (in /Users/zshaikh/Documents/projects/SEU_dev/SEU_Tools/venv/lib/python3.12/site-packages/django/utils/autoreload.py:265)
[2025-07-13 22:21:03,256] INFO django.utils.autoreload: Watching for file changes with StatReloader (in /Users/zshaikh/Documents/projects/SEU_dev/SEU_Tools/venv/lib/python3.12/site-packages/django/utils/autoreload.py:667)
[2025-07-13 22:21:11,777] INFO django.utils.autoreload: /Users/zshaikh/Documents/projects/SEU_dev/SEU_Tools/apis/utils.py changed, reloading. (in /Users/zshaikh/Documents/projects/SEU_dev/SEU_Tools/venv/lib/python3.12/site-packages/django/utils/autoreload.py:265)
[2025-07-13 22:21:11,996] INFO django.utils.autoreload: Watching for file changes with StatReloader (in /Users/zshaikh/Documents/projects/SEU_dev/SEU_Tools/venv/lib/python3.12/site-packages/django/utils/autoreload.py:667)
[2025-07-13 22:21:23,572] INFO django.utils.autoreload: /Users/zshaikh/Documents/projects/SEU_dev/SEU_Tools/apis/utils.py changed, reloading. (in /Users/zshaikh/Documents/projects/SEU_dev/SEU_Tools/venv/lib/python3.12/site-packages/django/utils/autoreload.py:265)
[2025-07-13 22:21:23,808] INFO django.utils.autoreload: Watching for file changes with StatReloader (in /Users/zshaikh/Documents/projects/SEU_dev/SEU_Tools/venv/lib/python3.12/site-packages/django/utils/autoreload.py:667)
[2025-07-13 22:21:30,327] INFO django.utils.autoreload: /Users/zshaikh/Documents/projects/SEU_dev/SEU_Tools/apis/utils.py changed, reloading. (in /Users/zshaikh/Documents/projects/SEU_dev/SEU_Tools/venv/lib/python3.12/site-packages/django/utils/autoreload.py:265)
[2025-07-13 22:21:30,559] INFO django.utils.autoreload: Watching for file changes with StatReloader (in /Users/zshaikh/Documents/projects/SEU_dev/SEU_Tools/venv/lib/python3.12/site-packages/django/utils/autoreload.py:667)
[2025-07-13 22:21:43,900] INFO django.utils.autoreload: /Users/zshaikh/Documents/projects/SEU_dev/SEU_Tools/apis/utils.py changed, reloading. (in /Users/zshaikh/Documents/projects/SEU_dev/SEU_Tools/venv/lib/python3.12/site-packages/django/utils/autoreload.py:265)
[2025-07-13 22:21:44,079] INFO django.utils.autoreload: Watching for file changes with StatReloader (in /Users/zshaikh/Documents/projects/SEU_dev/SEU_Tools/venv/lib/python3.12/site-packages/django/utils/autoreload.py:667)
[2025-07-13 22:21:51,271] INFO django.utils.autoreload: /Users/zshaikh/Documents/projects/SEU_dev/SEU_Tools/apis/utils.py changed, reloading. (in /Users/zshaikh/Documents/projects/SEU_dev/SEU_Tools/venv/lib/python3.12/site-packages/django/utils/autoreload.py:265)
[2025-07-13 22:21:51,445] INFO django.utils.autoreload: Watching for file changes with StatReloader (in /Users/zshaikh/Documents/projects/SEU_dev/SEU_Tools/venv/lib/python3.12/site-packages/django/utils/autoreload.py:667)
[2025-07-13 22:22:00,144] INFO django.server: "GET /process/ HTTP/1.1" 200 21406 (in /Users/zshaikh/Documents/projects/SEU_dev/SEU_Tools/venv/lib/python3.12/site-packages/django/core/servers/basehttp.py:213)
[2025-07-13 22:22:20,081] INFO httpx: HTTP Request: POST https://shiekh.openai.azure.com/openai/deployments/gpt-4.1/chat/completions?api-version=2024-12-01-preview "HTTP/1.1 200 OK" (in /Users/zshaikh/Documents/projects/SEU_dev/SEU_Tools/venv/lib/python3.12/site-packages/httpx/_client.py:1025)
[2025-07-13 22:22:20,105] INFO django.server: "POST /process/upload/ HTTP/1.1" 302 0 (in /Users/zshaikh/Documents/projects/SEU_dev/SEU_Tools/venv/lib/python3.12/site-packages/django/core/servers/basehttp.py:213)
[2025-07-13 22:22:20,114] INFO django.server: "GET /process/ HTTP/1.1" 200 25363 (in /Users/zshaikh/Documents/projects/SEU_dev/SEU_Tools/venv/lib/python3.12/site-packages/django/core/servers/basehttp.py:213)
[2025-07-13 22:22:23,703] INFO django.server: "GET /history/ HTTP/1.1" 200 475548 (in /Users/zshaikh/Documents/projects/SEU_dev/SEU_Tools/venv/lib/python3.12/site-packages/django/core/servers/basehttp.py:213)
[2025-07-13 22:22:49,755] INFO django.utils.autoreload: /Users/zshaikh/Documents/projects/SEU_dev/SEU_Tools/apis/utils.py changed, reloading. (in /Users/zshaikh/Documents/projects/SEU_dev/SEU_Tools/venv/lib/python3.12/site-packages/django/utils/autoreload.py:265)
[2025-07-13 22:22:50,055] INFO django.utils.autoreload: Watching for file changes with StatReloader (in /Users/zshaikh/Documents/projects/SEU_dev/SEU_Tools/venv/lib/python3.12/site-packages/django/utils/autoreload.py:667)
[2025-07-13 22:22:51,526] INFO django.utils.autoreload: /Users/zshaikh/Documents/projects/SEU_dev/SEU_Tools/apis/utils.py changed, reloading. (in /Users/zshaikh/Documents/projects/SEU_dev/SEU_Tools/venv/lib/python3.12/site-packages/django/utils/autoreload.py:265)
[2025-07-13 22:22:51,720] INFO django.utils.autoreload: Watching for file changes with StatReloader (in /Users/zshaikh/Documents/projects/SEU_dev/SEU_Tools/venv/lib/python3.12/site-packages/django/utils/autoreload.py:667)
[2025-07-13 22:23:25,288] INFO httpx: HTTP Request: POST https://shiekh.openai.azure.com/openai/deployments/gpt-4.1/chat/completions?api-version=2024-12-01-preview "HTTP/1.1 200 OK" (in /Users/zshaikh/Documents/projects/SEU_dev/SEU_Tools/venv/lib/python3.12/site-packages/httpx/_client.py:1025)
[2025-07-13 22:23:25,316] INFO django.server: "POST /process/upload/ HTTP/1.1" 302 0 (in /Users/zshaikh/Documents/projects/SEU_dev/SEU_Tools/venv/lib/python3.12/site-packages/django/core/servers/basehttp.py:213)
[2025-07-13 22:23:25,326] INFO django.server: "GET /process/ HTTP/1.1" 200 25362 (in /Users/zshaikh/Documents/projects/SEU_dev/SEU_Tools/venv/lib/python3.12/site-packages/django/core/servers/basehttp.py:213)
[2025-07-13 22:23:32,109] INFO django.server: "GET /history/ HTTP/1.1" 200 481115 (in /Users/zshaikh/Documents/projects/SEU_dev/SEU_Tools/venv/lib/python3.12/site-packages/django/core/servers/basehttp.py:213)
[2025-07-13 22:23:56,162] INFO django.utils.autoreload: /Users/zshaikh/Documents/projects/SEU_dev/SEU_Tools/apis/utils.py changed, reloading. (in /Users/zshaikh/Documents/projects/SEU_dev/SEU_Tools/venv/lib/python3.12/site-packages/django/utils/autoreload.py:265)
[2025-07-13 22:23:56,484] INFO django.utils.autoreload: Watching for file changes with StatReloader (in /Users/zshaikh/Documents/projects/SEU_dev/SEU_Tools/venv/lib/python3.12/site-packages/django/utils/autoreload.py:667)
[2025-07-13 22:24:09,880] INFO httpx: HTTP Request: POST https://shiekh.openai.azure.com/openai/deployments/gpt-4.1/chat/completions?api-version=2024-12-01-preview "HTTP/1.1 200 OK" (in /Users/zshaikh/Documents/projects/SEU_dev/SEU_Tools/venv/lib/python3.12/site-packages/httpx/_client.py:1025)
[2025-07-13 22:24:09,909] INFO django.server: "POST /process/upload/ HTTP/1.1" 302 0 (in /Users/zshaikh/Documents/projects/SEU_dev/SEU_Tools/venv/lib/python3.12/site-packages/django/core/servers/basehttp.py:213)
[2025-07-13 22:24:09,921] INFO django.server: "GET /process/ HTTP/1.1" 200 25362 (in /Users/zshaikh/Documents/projects/SEU_dev/SEU_Tools/venv/lib/python3.12/site-packages/django/core/servers/basehttp.py:213)
[2025-07-13 22:24:30,391] INFO httpx: HTTP Request: POST https://shiekh.openai.azure.com/openai/deployments/gpt-4.1/chat/completions?api-version=2024-12-01-preview "HTTP/1.1 200 OK" (in /Users/zshaikh/Documents/projects/SEU_dev/SEU_Tools/venv/lib/python3.12/site-packages/httpx/_client.py:1025)
[2025-07-13 22:24:30,409] INFO django.server: "POST /process/upload/ HTTP/1.1" 302 0 (in /Users/zshaikh/Documents/projects/SEU_dev/SEU_Tools/venv/lib/python3.12/site-packages/django/core/servers/basehttp.py:213)
[2025-07-13 22:24:30,418] INFO django.server: "GET /process/ HTTP/1.1" 200 25362 (in /Users/zshaikh/Documents/projects/SEU_dev/SEU_Tools/venv/lib/python3.12/site-packages/django/core/servers/basehttp.py:213)
[2025-07-13 22:26:14,100] INFO django.utils.autoreload: /Users/zshaikh/Documents/projects/SEU_dev/SEU_Tools/apis/utils.py changed, reloading. (in /Users/zshaikh/Documents/projects/SEU_dev/SEU_Tools/venv/lib/python3.12/site-packages/django/utils/autoreload.py:265)
[2025-07-13 22:26:14,448] INFO django.utils.autoreload: Watching for file changes with StatReloader (in /Users/zshaikh/Documents/projects/SEU_dev/SEU_Tools/venv/lib/python3.12/site-packages/django/utils/autoreload.py:667)
[2025-07-13 22:26:16,885] INFO django.utils.autoreload: /Users/zshaikh/Documents/projects/SEU_dev/SEU_Tools/apis/utils.py changed, reloading. (in /Users/zshaikh/Documents/projects/SEU_dev/SEU_Tools/venv/lib/python3.12/site-packages/django/utils/autoreload.py:265)
[2025-07-13 22:26:17,102] INFO django.utils.autoreload: Watching for file changes with StatReloader (in /Users/zshaikh/Documents/projects/SEU_dev/SEU_Tools/venv/lib/python3.12/site-packages/django/utils/autoreload.py:667)
[2025-07-13 22:26:19,449] INFO django.utils.autoreload: /Users/zshaikh/Documents/projects/SEU_dev/SEU_Tools/apis/utils.py changed, reloading. (in /Users/zshaikh/Documents/projects/SEU_dev/SEU_Tools/venv/lib/python3.12/site-packages/django/utils/autoreload.py:265)
[2025-07-13 22:26:19,674] INFO django.utils.autoreload: Watching for file changes with StatReloader (in /Users/zshaikh/Documents/projects/SEU_dev/SEU_Tools/venv/lib/python3.12/site-packages/django/utils/autoreload.py:667)
[2025-07-13 22:26:31,232] INFO django.utils.autoreload: /Users/zshaikh/Documents/projects/SEU_dev/SEU_Tools/apis/utils.py changed, reloading. (in /Users/zshaikh/Documents/projects/SEU_dev/SEU_Tools/venv/lib/python3.12/site-packages/django/utils/autoreload.py:265)
[2025-07-13 22:26:31,461] INFO django.utils.autoreload: Watching for file changes with StatReloader (in /Users/zshaikh/Documents/projects/SEU_dev/SEU_Tools/venv/lib/python3.12/site-packages/django/utils/autoreload.py:667)
[2025-07-13 22:26:44,108] INFO django.utils.autoreload: /Users/zshaikh/Documents/projects/SEU_dev/SEU_Tools/apis/utils.py changed, reloading. (in /Users/zshaikh/Documents/projects/SEU_dev/SEU_Tools/venv/lib/python3.12/site-packages/django/utils/autoreload.py:265)
[2025-07-13 22:26:44,342] INFO django.utils.autoreload: Watching for file changes with StatReloader (in /Users/zshaikh/Documents/projects/SEU_dev/SEU_Tools/venv/lib/python3.12/site-packages/django/utils/autoreload.py:667)
[2025-07-13 22:26:49,752] INFO django.utils.autoreload: /Users/zshaikh/Documents/projects/SEU_dev/SEU_Tools/apis/utils.py changed, reloading. (in /Users/zshaikh/Documents/projects/SEU_dev/SEU_Tools/venv/lib/python3.12/site-packages/django/utils/autoreload.py:265)
[2025-07-13 22:26:49,970] INFO django.utils.autoreload: Watching for file changes with StatReloader (in /Users/zshaikh/Documents/projects/SEU_dev/SEU_Tools/venv/lib/python3.12/site-packages/django/utils/autoreload.py:667)
[2025-07-13 22:27:37,536] INFO django.utils.autoreload: /Users/zshaikh/Documents/projects/SEU_dev/SEU_Tools/apis/utils.py changed, reloading. (in /Users/zshaikh/Documents/projects/SEU_dev/SEU_Tools/venv/lib/python3.12/site-packages/django/utils/autoreload.py:265)
[2025-07-13 22:27:37,791] INFO django.utils.autoreload: Watching for file changes with StatReloader (in /Users/zshaikh/Documents/projects/SEU_dev/SEU_Tools/venv/lib/python3.12/site-packages/django/utils/autoreload.py:667)
[2025-07-13 22:27:39,135] INFO django.utils.autoreload: /Users/zshaikh/Documents/projects/SEU_dev/SEU_Tools/apis/utils.py changed, reloading. (in /Users/zshaikh/Documents/projects/SEU_dev/SEU_Tools/venv/lib/python3.12/site-packages/django/utils/autoreload.py:265)
[2025-07-13 22:27:39,345] INFO django.utils.autoreload: Watching for file changes with StatReloader (in /Users/zshaikh/Documents/projects/SEU_dev/SEU_Tools/venv/lib/python3.12/site-packages/django/utils/autoreload.py:667)
[2025-07-13 22:27:41,725] INFO django.utils.autoreload: /Users/zshaikh/Documents/projects/SEU_dev/SEU_Tools/apis/utils.py changed, reloading. (in /Users/zshaikh/Documents/projects/SEU_dev/SEU_Tools/venv/lib/python3.12/site-packages/django/utils/autoreload.py:265)
[2025-07-13 22:27:41,937] INFO django.utils.autoreload: Watching for file changes with StatReloader (in /Users/zshaikh/Documents/projects/SEU_dev/SEU_Tools/venv/lib/python3.12/site-packages/django/utils/autoreload.py:667)
[2025-07-13 22:27:56,436] INFO httpx: HTTP Request: POST https://shiekh.openai.azure.com/openai/deployments/gpt-4.1/chat/completions?api-version=2024-12-01-preview "HTTP/1.1 200 OK" (in /Users/zshaikh/Documents/projects/SEU_dev/SEU_Tools/venv/lib/python3.12/site-packages/httpx/_client.py:1025)
[2025-07-13 22:27:56,461] INFO django.server: "POST /process/upload/ HTTP/1.1" 302 0 (in /Users/zshaikh/Documents/projects/SEU_dev/SEU_Tools/venv/lib/python3.12/site-packages/django/core/servers/basehttp.py:213)
[2025-07-13 22:27:56,472] INFO django.server: "GET /process/ HTTP/1.1" 200 25359 (in /Users/zshaikh/Documents/projects/SEU_dev/SEU_Tools/venv/lib/python3.12/site-packages/django/core/servers/basehttp.py:213)
[2025-07-13 22:27:59,094] INFO django.server: "GET /history/ HTTP/1.1" 200 497898 (in /Users/zshaikh/Documents/projects/SEU_dev/SEU_Tools/venv/lib/python3.12/site-packages/django/core/servers/basehttp.py:213)
[2025-07-13 22:28:31,155] INFO httpx: HTTP Request: POST https://shiekh.openai.azure.com/openai/deployments/gpt-4.1/chat/completions?api-version=2024-12-01-preview "HTTP/1.1 200 OK" (in /Users/zshaikh/Documents/projects/SEU_dev/SEU_Tools/venv/lib/python3.12/site-packages/httpx/_client.py:1025)
[2025-07-13 22:28:31,166] INFO django.server: "POST /process/upload/ HTTP/1.1" 302 0 (in /Users/zshaikh/Documents/projects/SEU_dev/SEU_Tools/venv/lib/python3.12/site-packages/django/core/servers/basehttp.py:213)
[2025-07-13 22:28:31,174] INFO django.server: "GET /process/ HTTP/1.1" 200 25362 (in /Users/zshaikh/Documents/projects/SEU_dev/SEU_Tools/venv/lib/python3.12/site-packages/django/core/servers/basehttp.py:213)
[2025-07-13 22:28:35,034] INFO django.server: "GET /history/ HTTP/1.1" 200 503547 (in /Users/zshaikh/Documents/projects/SEU_dev/SEU_Tools/venv/lib/python3.12/site-packages/django/core/servers/basehttp.py:213)
[2025-07-13 22:28:54,992] INFO httpx: HTTP Request: POST https://shiekh.openai.azure.com/openai/deployments/gpt-4.1/chat/completions?api-version=2024-12-01-preview "HTTP/1.1 200 OK" (in /Users/zshaikh/Documents/projects/SEU_dev/SEU_Tools/venv/lib/python3.12/site-packages/httpx/_client.py:1025)
[2025-07-13 22:28:55,012] INFO django.server: "POST /process/upload/ HTTP/1.1" 302 0 (in /Users/zshaikh/Documents/projects/SEU_dev/SEU_Tools/venv/lib/python3.12/site-packages/django/core/servers/basehttp.py:213)
[2025-07-13 22:28:55,022] INFO django.server: "GET /process/ HTTP/1.1" 200 25362 (in /Users/zshaikh/Documents/projects/SEU_dev/SEU_Tools/venv/lib/python3.12/site-packages/django/core/servers/basehttp.py:213)
[2025-07-13 22:28:59,237] INFO django.server: "GET /history/ HTTP/1.1" 200 509196 (in /Users/zshaikh/Documents/projects/SEU_dev/SEU_Tools/venv/lib/python3.12/site-packages/django/core/servers/basehttp.py:213)
[2025-07-13 22:29:29,796] INFO django.utils.autoreload: /Users/zshaikh/Documents/projects/SEU_dev/SEU_Tools/apis/utils.py changed, reloading. (in /Users/zshaikh/Documents/projects/SEU_dev/SEU_Tools/venv/lib/python3.12/site-packages/django/utils/autoreload.py:265)
[2025-07-13 22:29:30,156] INFO django.utils.autoreload: Watching for file changes with StatReloader (in /Users/zshaikh/Documents/projects/SEU_dev/SEU_Tools/venv/lib/python3.12/site-packages/django/utils/autoreload.py:667)
[2025-07-13 22:29:33,715] INFO django.utils.autoreload: /Users/zshaikh/Documents/projects/SEU_dev/SEU_Tools/apis/utils.py changed, reloading. (in /Users/zshaikh/Documents/projects/SEU_dev/SEU_Tools/venv/lib/python3.12/site-packages/django/utils/autoreload.py:265)
[2025-07-13 22:29:33,949] INFO django.utils.autoreload: Watching for file changes with StatReloader (in /Users/zshaikh/Documents/projects/SEU_dev/SEU_Tools/venv/lib/python3.12/site-packages/django/utils/autoreload.py:667)
[2025-07-13 22:33:56,657] INFO django.utils.autoreload: /Users/zshaikh/Documents/projects/SEU_dev/SEU_Tools/apis/utils.py changed, reloading. (in /Users/zshaikh/Documents/projects/SEU_dev/SEU_Tools/venv/lib/python3.12/site-packages/django/utils/autoreload.py:265)
[2025-07-13 22:33:56,943] INFO django.utils.autoreload: Watching for file changes with StatReloader (in /Users/zshaikh/Documents/projects/SEU_dev/SEU_Tools/venv/lib/python3.12/site-packages/django/utils/autoreload.py:667)
[2025-07-13 22:38:50,737] INFO django.utils.autoreload: Watching for file changes with StatReloader (in /Users/zshaikh/Documents/projects/SEU_dev/SEU_Tools/venv/lib/python3.12/site-packages/django/utils/autoreload.py:667)
[2025-07-13 22:38:57,151] INFO django.server: "GET /api/v1/ HTTP/1.1" 200 609 (in /Users/zshaikh/Documents/projects/SEU_dev/SEU_Tools/venv/lib/python3.12/site-packages/django/core/servers/basehttp.py:213)
[2025-07-13 22:40:33,736] INFO django.utils.autoreload: Watching for file changes with StatReloader (in /Users/zshaikh/Documents/projects/SEU_dev/SEU_Tools/venv/lib/python3.12/site-packages/django/utils/autoreload.py:667)
[2025-07-13 22:41:13,433] INFO django.utils.autoreload: Watching for file changes with StatReloader (in /Users/zshaikh/Documents/projects/SEU_dev/SEU_Tools/venv/lib/python3.12/site-packages/django/utils/autoreload.py:667)
[2025-07-13 22:41:53,812] INFO django.utils.autoreload: /Users/zshaikh/Documents/projects/SEU_dev/SEU_Tools/apis/utils.py changed, reloading. (in /Users/zshaikh/Documents/projects/SEU_dev/SEU_Tools/venv/lib/python3.12/site-packages/django/utils/autoreload.py:265)
[2025-07-13 22:41:54,116] INFO django.utils.autoreload: Watching for file changes with StatReloader (in /Users/zshaikh/Documents/projects/SEU_dev/SEU_Tools/venv/lib/python3.12/site-packages/django/utils/autoreload.py:667)
[2025-07-13 22:41:55,545] INFO django.utils.autoreload: /Users/zshaikh/Documents/projects/SEU_dev/SEU_Tools/apis/utils.py changed, reloading. (in /Users/zshaikh/Documents/projects/SEU_dev/SEU_Tools/venv/lib/python3.12/site-packages/django/utils/autoreload.py:265)
[2025-07-13 22:41:55,777] INFO django.utils.autoreload: Watching for file changes with StatReloader (in /Users/zshaikh/Documents/projects/SEU_dev/SEU_Tools/venv/lib/python3.12/site-packages/django/utils/autoreload.py:667)
[2025-07-13 22:43:21,218] INFO django.utils.autoreload: /Users/zshaikh/Documents/projects/SEU_dev/SEU_Tools/apis/utils.py changed, reloading. (in /Users/zshaikh/Documents/projects/SEU_dev/SEU_Tools/venv/lib/python3.12/site-packages/django/utils/autoreload.py:265)
[2025-07-13 22:43:21,479] INFO django.utils.autoreload: Watching for file changes with StatReloader (in /Users/zshaikh/Documents/projects/SEU_dev/SEU_Tools/venv/lib/python3.12/site-packages/django/utils/autoreload.py:667)
[2025-07-13 22:43:22,848] INFO django.utils.autoreload: /Users/zshaikh/Documents/projects/SEU_dev/SEU_Tools/apis/utils.py changed, reloading. (in /Users/zshaikh/Documents/projects/SEU_dev/SEU_Tools/venv/lib/python3.12/site-packages/django/utils/autoreload.py:265)
[2025-07-13 22:43:23,116] INFO django.utils.autoreload: Watching for file changes with StatReloader (in /Users/zshaikh/Documents/projects/SEU_dev/SEU_Tools/venv/lib/python3.12/site-packages/django/utils/autoreload.py:667)
[2025-07-13 22:43:24,618] INFO django.utils.autoreload: /Users/zshaikh/Documents/projects/SEU_dev/SEU_Tools/apis/utils.py changed, reloading. (in /Users/zshaikh/Documents/projects/SEU_dev/SEU_Tools/venv/lib/python3.12/site-packages/django/utils/autoreload.py:265)
[2025-07-13 22:43:24,869] INFO django.utils.autoreload: Watching for file changes with StatReloader (in /Users/zshaikh/Documents/projects/SEU_dev/SEU_Tools/venv/lib/python3.12/site-packages/django/utils/autoreload.py:667)
[2025-07-13 22:43:27,253] INFO django.utils.autoreload: /Users/zshaikh/Documents/projects/SEU_dev/SEU_Tools/apis/utils.py changed, reloading. (in /Users/zshaikh/Documents/projects/SEU_dev/SEU_Tools/venv/lib/python3.12/site-packages/django/utils/autoreload.py:265)
[2025-07-13 22:43:27,504] INFO django.utils.autoreload: Watching for file changes with StatReloader (in /Users/zshaikh/Documents/projects/SEU_dev/SEU_Tools/venv/lib/python3.12/site-packages/django/utils/autoreload.py:667)
[2025-07-13 22:43:28,579] INFO django.utils.autoreload: /Users/zshaikh/Documents/projects/SEU_dev/SEU_Tools/apis/utils.py changed, reloading. (in /Users/zshaikh/Documents/projects/SEU_dev/SEU_Tools/venv/lib/python3.12/site-packages/django/utils/autoreload.py:265)
[2025-07-13 22:43:28,796] INFO django.utils.autoreload: Watching for file changes with StatReloader (in /Users/zshaikh/Documents/projects/SEU_dev/SEU_Tools/venv/lib/python3.12/site-packages/django/utils/autoreload.py:667)
[2025-07-13 22:43:37,015] INFO django.utils.autoreload: /Users/zshaikh/Documents/projects/SEU_dev/SEU_Tools/apis/utils.py changed, reloading. (in /Users/zshaikh/Documents/projects/SEU_dev/SEU_Tools/venv/lib/python3.12/site-packages/django/utils/autoreload.py:265)
[2025-07-13 22:43:37,228] INFO django.utils.autoreload: Watching for file changes with StatReloader (in /Users/zshaikh/Documents/projects/SEU_dev/SEU_Tools/venv/lib/python3.12/site-packages/django/utils/autoreload.py:667)
[2025-07-13 22:43:43,768] INFO django.utils.autoreload: /Users/zshaikh/Documents/projects/SEU_dev/SEU_Tools/apis/utils.py changed, reloading. (in /Users/zshaikh/Documents/projects/SEU_dev/SEU_Tools/venv/lib/python3.12/site-packages/django/utils/autoreload.py:265)
[2025-07-13 22:43:44,041] INFO django.utils.autoreload: Watching for file changes with StatReloader (in /Users/zshaikh/Documents/projects/SEU_dev/SEU_Tools/venv/lib/python3.12/site-packages/django/utils/autoreload.py:667)
[2025-07-13 22:43:52,225] INFO django.server: "POST /process/upload/ HTTP/1.1" 302 0 (in /Users/zshaikh/Documents/projects/SEU_dev/SEU_Tools/venv/lib/python3.12/site-packages/django/core/servers/basehttp.py:213)
[2025-07-13 22:43:52,234] INFO django.server: "GET /process/ HTTP/1.1" 200 25368 (in /Users/zshaikh/Documents/projects/SEU_dev/SEU_Tools/venv/lib/python3.12/site-packages/django/core/servers/basehttp.py:213)
[2025-07-13 22:43:57,808] INFO django.server: "GET /history/ HTTP/1.1" 200 515589 (in /Users/zshaikh/Documents/projects/SEU_dev/SEU_Tools/venv/lib/python3.12/site-packages/django/core/servers/basehttp.py:213)
[2025-07-13 22:45:09,064] INFO django.utils.autoreload: /Users/zshaikh/Documents/projects/SEU_dev/SEU_Tools/apis/utils.py changed, reloading. (in /Users/zshaikh/Documents/projects/SEU_dev/SEU_Tools/venv/lib/python3.12/site-packages/django/utils/autoreload.py:265)
[2025-07-13 22:45:09,437] INFO django.utils.autoreload: Watching for file changes with StatReloader (in /Users/zshaikh/Documents/projects/SEU_dev/SEU_Tools/venv/lib/python3.12/site-packages/django/utils/autoreload.py:667)
[2025-07-13 22:45:12,925] INFO django.utils.autoreload: /Users/zshaikh/Documents/projects/SEU_dev/SEU_Tools/apis/utils.py changed, reloading. (in /Users/zshaikh/Documents/projects/SEU_dev/SEU_Tools/venv/lib/python3.12/site-packages/django/utils/autoreload.py:265)
[2025-07-13 22:45:13,189] INFO django.utils.autoreload: Watching for file changes with StatReloader (in /Users/zshaikh/Documents/projects/SEU_dev/SEU_Tools/venv/lib/python3.12/site-packages/django/utils/autoreload.py:667)
[2025-07-13 22:45:16,629] INFO django.utils.autoreload: /Users/zshaikh/Documents/projects/SEU_dev/SEU_Tools/apis/utils.py changed, reloading. (in /Users/zshaikh/Documents/projects/SEU_dev/SEU_Tools/venv/lib/python3.12/site-packages/django/utils/autoreload.py:265)
[2025-07-13 22:45:16,891] INFO django.utils.autoreload: Watching for file changes with StatReloader (in /Users/zshaikh/Documents/projects/SEU_dev/SEU_Tools/venv/lib/python3.12/site-packages/django/utils/autoreload.py:667)
[2025-07-13 22:45:18,362] INFO django.utils.autoreload: /Users/zshaikh/Documents/projects/SEU_dev/SEU_Tools/apis/utils.py changed, reloading. (in /Users/zshaikh/Documents/projects/SEU_dev/SEU_Tools/venv/lib/python3.12/site-packages/django/utils/autoreload.py:265)
[2025-07-13 22:45:18,600] INFO django.utils.autoreload: Watching for file changes with StatReloader (in /Users/zshaikh/Documents/projects/SEU_dev/SEU_Tools/venv/lib/python3.12/site-packages/django/utils/autoreload.py:667)
[2025-07-13 22:45:30,276] INFO django.utils.autoreload: /Users/zshaikh/Documents/projects/SEU_dev/SEU_Tools/apis/utils.py changed, reloading. (in /Users/zshaikh/Documents/projects/SEU_dev/SEU_Tools/venv/lib/python3.12/site-packages/django/utils/autoreload.py:265)
[2025-07-13 22:45:30,546] INFO django.utils.autoreload: Watching for file changes with StatReloader (in /Users/zshaikh/Documents/projects/SEU_dev/SEU_Tools/venv/lib/python3.12/site-packages/django/utils/autoreload.py:667)
[2025-07-13 22:45:31,981] INFO django.utils.autoreload: /Users/zshaikh/Documents/projects/SEU_dev/SEU_Tools/apis/utils.py changed, reloading. (in /Users/zshaikh/Documents/projects/SEU_dev/SEU_Tools/venv/lib/python3.12/site-packages/django/utils/autoreload.py:265)
[2025-07-13 22:45:32,260] INFO django.utils.autoreload: Watching for file changes with StatReloader (in /Users/zshaikh/Documents/projects/SEU_dev/SEU_Tools/venv/lib/python3.12/site-packages/django/utils/autoreload.py:667)
[2025-07-13 22:45:33,338] INFO django.utils.autoreload: /Users/zshaikh/Documents/projects/SEU_dev/SEU_Tools/apis/utils.py changed, reloading. (in /Users/zshaikh/Documents/projects/SEU_dev/SEU_Tools/venv/lib/python3.12/site-packages/django/utils/autoreload.py:265)
[2025-07-13 22:45:33,539] INFO django.utils.autoreload: Watching for file changes with StatReloader (in /Users/zshaikh/Documents/projects/SEU_dev/SEU_Tools/venv/lib/python3.12/site-packages/django/utils/autoreload.py:667)
[2025-07-13 22:45:34,613] INFO django.utils.autoreload: /Users/zshaikh/Documents/projects/SEU_dev/SEU_Tools/apis/utils.py changed, reloading. (in /Users/zshaikh/Documents/projects/SEU_dev/SEU_Tools/venv/lib/python3.12/site-packages/django/utils/autoreload.py:265)
[2025-07-13 22:45:34,829] INFO django.utils.autoreload: Watching for file changes with StatReloader (in /Users/zshaikh/Documents/projects/SEU_dev/SEU_Tools/venv/lib/python3.12/site-packages/django/utils/autoreload.py:667)
[2025-07-13 22:45:44,410] INFO django.utils.autoreload: /Users/zshaikh/Documents/projects/SEU_dev/SEU_Tools/apis/utils.py changed, reloading. (in /Users/zshaikh/Documents/projects/SEU_dev/SEU_Tools/venv/lib/python3.12/site-packages/django/utils/autoreload.py:265)
[2025-07-13 22:45:44,672] INFO django.utils.autoreload: Watching for file changes with StatReloader (in /Users/zshaikh/Documents/projects/SEU_dev/SEU_Tools/venv/lib/python3.12/site-packages/django/utils/autoreload.py:667)
[2025-07-13 22:45:50,155] INFO django.utils.autoreload: /Users/zshaikh/Documents/projects/SEU_dev/SEU_Tools/apis/utils.py changed, reloading. (in /Users/zshaikh/Documents/projects/SEU_dev/SEU_Tools/venv/lib/python3.12/site-packages/django/utils/autoreload.py:265)
[2025-07-13 22:45:50,429] INFO django.utils.autoreload: Watching for file changes with StatReloader (in /Users/zshaikh/Documents/projects/SEU_dev/SEU_Tools/venv/lib/python3.12/site-packages/django/utils/autoreload.py:667)
[2025-07-13 22:46:08,275] INFO django.utils.autoreload: /Users/zshaikh/Documents/projects/SEU_dev/SEU_Tools/apis/utils.py changed, reloading. (in /Users/zshaikh/Documents/projects/SEU_dev/SEU_Tools/venv/lib/python3.12/site-packages/django/utils/autoreload.py:265)
[2025-07-13 22:46:08,536] INFO django.utils.autoreload: Watching for file changes with StatReloader (in /Users/zshaikh/Documents/projects/SEU_dev/SEU_Tools/venv/lib/python3.12/site-packages/django/utils/autoreload.py:667)
[2025-07-13 22:46:18,129] INFO django.utils.autoreload: /Users/zshaikh/Documents/projects/SEU_dev/SEU_Tools/apis/utils.py changed, reloading. (in /Users/zshaikh/Documents/projects/SEU_dev/SEU_Tools/venv/lib/python3.12/site-packages/django/utils/autoreload.py:265)
[2025-07-13 22:46:18,386] INFO django.utils.autoreload: Watching for file changes with StatReloader (in /Users/zshaikh/Documents/projects/SEU_dev/SEU_Tools/venv/lib/python3.12/site-packages/django/utils/autoreload.py:667)
[2025-07-13 22:46:21,812] INFO django.utils.autoreload: /Users/zshaikh/Documents/projects/SEU_dev/SEU_Tools/apis/utils.py changed, reloading. (in /Users/zshaikh/Documents/projects/SEU_dev/SEU_Tools/venv/lib/python3.12/site-packages/django/utils/autoreload.py:265)
[2025-07-13 22:46:22,106] INFO django.utils.autoreload: Watching for file changes with StatReloader (in /Users/zshaikh/Documents/projects/SEU_dev/SEU_Tools/venv/lib/python3.12/site-packages/django/utils/autoreload.py:667)
[2025-07-13 22:46:23,512] INFO django.utils.autoreload: /Users/zshaikh/Documents/projects/SEU_dev/SEU_Tools/apis/utils.py changed, reloading. (in /Users/zshaikh/Documents/projects/SEU_dev/SEU_Tools/venv/lib/python3.12/site-packages/django/utils/autoreload.py:265)
[2025-07-13 22:46:23,745] INFO django.utils.autoreload: Watching for file changes with StatReloader (in /Users/zshaikh/Documents/projects/SEU_dev/SEU_Tools/venv/lib/python3.12/site-packages/django/utils/autoreload.py:667)
[2025-07-13 22:46:46,775] INFO django.utils.autoreload: /Users/zshaikh/Documents/projects/SEU_dev/SEU_Tools/apis/utils.py changed, reloading. (in /Users/zshaikh/Documents/projects/SEU_dev/SEU_Tools/venv/lib/python3.12/site-packages/django/utils/autoreload.py:265)
[2025-07-13 22:46:47,027] INFO django.utils.autoreload: Watching for file changes with StatReloader (in /Users/zshaikh/Documents/projects/SEU_dev/SEU_Tools/venv/lib/python3.12/site-packages/django/utils/autoreload.py:667)
[2025-07-13 22:47:00,657] INFO django.server: "POST /process/upload/ HTTP/1.1" 302 0 (in /Users/zshaikh/Documents/projects/SEU_dev/SEU_Tools/venv/lib/python3.12/site-packages/django/core/servers/basehttp.py:213)
[2025-07-13 22:47:00,667] INFO django.server: "GET /process/ HTTP/1.1" 200 25368 (in /Users/zshaikh/Documents/projects/SEU_dev/SEU_Tools/venv/lib/python3.12/site-packages/django/core/servers/basehttp.py:213)
[2025-07-13 22:47:02,967] INFO django.server: "GET /history/ HTTP/1.1" 200 521566 (in /Users/zshaikh/Documents/projects/SEU_dev/SEU_Tools/venv/lib/python3.12/site-packages/django/core/servers/basehttp.py:213)
[2025-07-13 22:47:30,611] INFO django.utils.autoreload: /Users/zshaikh/Documents/projects/SEU_dev/SEU_Tools/apis/utils.py changed, reloading. (in /Users/zshaikh/Documents/projects/SEU_dev/SEU_Tools/venv/lib/python3.12/site-packages/django/utils/autoreload.py:265)
[2025-07-13 22:47:30,950] INFO django.utils.autoreload: Watching for file changes with StatReloader (in /Users/zshaikh/Documents/projects/SEU_dev/SEU_Tools/venv/lib/python3.12/site-packages/django/utils/autoreload.py:667)
[2025-07-13 22:47:32,460] INFO django.utils.autoreload: /Users/zshaikh/Documents/projects/SEU_dev/SEU_Tools/apis/utils.py changed, reloading. (in /Users/zshaikh/Documents/projects/SEU_dev/SEU_Tools/venv/lib/python3.12/site-packages/django/utils/autoreload.py:265)
[2025-07-13 22:47:32,765] INFO django.utils.autoreload: Watching for file changes with StatReloader (in /Users/zshaikh/Documents/projects/SEU_dev/SEU_Tools/venv/lib/python3.12/site-packages/django/utils/autoreload.py:667)
[2025-07-13 22:47:33,847] INFO django.utils.autoreload: /Users/zshaikh/Documents/projects/SEU_dev/SEU_Tools/apis/utils.py changed, reloading. (in /Users/zshaikh/Documents/projects/SEU_dev/SEU_Tools/venv/lib/python3.12/site-packages/django/utils/autoreload.py:265)
[2025-07-13 22:47:34,047] INFO django.utils.autoreload: Watching for file changes with StatReloader (in /Users/zshaikh/Documents/projects/SEU_dev/SEU_Tools/venv/lib/python3.12/site-packages/django/utils/autoreload.py:667)
[2025-07-13 22:47:35,134] INFO django.utils.autoreload: /Users/zshaikh/Documents/projects/SEU_dev/SEU_Tools/apis/utils.py changed, reloading. (in /Users/zshaikh/Documents/projects/SEU_dev/SEU_Tools/venv/lib/python3.12/site-packages/django/utils/autoreload.py:265)
[2025-07-13 22:47:35,343] INFO django.utils.autoreload: Watching for file changes with StatReloader (in /Users/zshaikh/Documents/projects/SEU_dev/SEU_Tools/venv/lib/python3.12/site-packages/django/utils/autoreload.py:667)
[2025-07-13 22:47:44,884] INFO django.utils.autoreload: /Users/zshaikh/Documents/projects/SEU_dev/SEU_Tools/apis/utils.py changed, reloading. (in /Users/zshaikh/Documents/projects/SEU_dev/SEU_Tools/venv/lib/python3.12/site-packages/django/utils/autoreload.py:265)
[2025-07-13 22:47:45,137] INFO django.utils.autoreload: Watching for file changes with StatReloader (in /Users/zshaikh/Documents/projects/SEU_dev/SEU_Tools/venv/lib/python3.12/site-packages/django/utils/autoreload.py:667)
[2025-07-13 22:47:49,602] INFO django.utils.autoreload: /Users/zshaikh/Documents/projects/SEU_dev/SEU_Tools/apis/utils.py changed, reloading. (in /Users/zshaikh/Documents/projects/SEU_dev/SEU_Tools/venv/lib/python3.12/site-packages/django/utils/autoreload.py:265)
[2025-07-13 22:47:49,857] INFO django.utils.autoreload: Watching for file changes with StatReloader (in /Users/zshaikh/Documents/projects/SEU_dev/SEU_Tools/venv/lib/python3.12/site-packages/django/utils/autoreload.py:667)
[2025-07-13 22:47:52,259] INFO django.utils.autoreload: /Users/zshaikh/Documents/projects/SEU_dev/SEU_Tools/apis/utils.py changed, reloading. (in /Users/zshaikh/Documents/projects/SEU_dev/SEU_Tools/venv/lib/python3.12/site-packages/django/utils/autoreload.py:265)
[2025-07-13 22:47:52,527] INFO django.utils.autoreload: Watching for file changes with StatReloader (in /Users/zshaikh/Documents/projects/SEU_dev/SEU_Tools/venv/lib/python3.12/site-packages/django/utils/autoreload.py:667)
[2025-07-13 22:48:12,997] INFO django.utils.autoreload: /Users/zshaikh/Documents/projects/SEU_dev/SEU_Tools/apis/utils.py changed, reloading. (in /Users/zshaikh/Documents/projects/SEU_dev/SEU_Tools/venv/lib/python3.12/site-packages/django/utils/autoreload.py:265)
[2025-07-13 22:48:13,202] INFO django.utils.autoreload: Watching for file changes with StatReloader (in /Users/zshaikh/Documents/projects/SEU_dev/SEU_Tools/venv/lib/python3.12/site-packages/django/utils/autoreload.py:667)
[2025-07-13 22:49:38,208] INFO django.utils.autoreload: /Users/zshaikh/Documents/projects/SEU_dev/SEU_Tools/apis/utils.py changed, reloading. (in /Users/zshaikh/Documents/projects/SEU_dev/SEU_Tools/venv/lib/python3.12/site-packages/django/utils/autoreload.py:265)
[2025-07-13 22:49:38,415] INFO django.utils.autoreload: Watching for file changes with StatReloader (in /Users/zshaikh/Documents/projects/SEU_dev/SEU_Tools/venv/lib/python3.12/site-packages/django/utils/autoreload.py:667)
[2025-07-13 22:49:46,634] INFO django.utils.autoreload: /Users/zshaikh/Documents/projects/SEU_dev/SEU_Tools/apis/utils.py changed, reloading. (in /Users/zshaikh/Documents/projects/SEU_dev/SEU_Tools/venv/lib/python3.12/site-packages/django/utils/autoreload.py:265)
[2025-07-13 22:49:46,890] INFO django.utils.autoreload: Watching for file changes with StatReloader (in /Users/zshaikh/Documents/projects/SEU_dev/SEU_Tools/venv/lib/python3.12/site-packages/django/utils/autoreload.py:667)
[2025-07-13 22:49:52,038] INFO django.utils.autoreload: /Users/zshaikh/Documents/projects/SEU_dev/SEU_Tools/apis/utils.py changed, reloading. (in /Users/zshaikh/Documents/projects/SEU_dev/SEU_Tools/venv/lib/python3.12/site-packages/django/utils/autoreload.py:265)
[2025-07-13 22:49:52,238] INFO django.utils.autoreload: Watching for file changes with StatReloader (in /Users/zshaikh/Documents/projects/SEU_dev/SEU_Tools/venv/lib/python3.12/site-packages/django/utils/autoreload.py:667)
[2025-07-13 22:50:02,936] INFO django.utils.autoreload: /Users/zshaikh/Documents/projects/SEU_dev/SEU_Tools/apis/utils.py changed, reloading. (in /Users/zshaikh/Documents/projects/SEU_dev/SEU_Tools/venv/lib/python3.12/site-packages/django/utils/autoreload.py:265)
[2025-07-13 22:50:03,204] INFO django.utils.autoreload: Watching for file changes with StatReloader (in /Users/zshaikh/Documents/projects/SEU_dev/SEU_Tools/venv/lib/python3.12/site-packages/django/utils/autoreload.py:667)
[2025-07-13 22:50:36,534] INFO django.utils.autoreload: /Users/zshaikh/Documents/projects/SEU_dev/SEU_Tools/apis/utils.py changed, reloading. (in /Users/zshaikh/Documents/projects/SEU_dev/SEU_Tools/venv/lib/python3.12/site-packages/django/utils/autoreload.py:265)
[2025-07-13 22:50:36,857] INFO django.utils.autoreload: Watching for file changes with StatReloader (in /Users/zshaikh/Documents/projects/SEU_dev/SEU_Tools/venv/lib/python3.12/site-packages/django/utils/autoreload.py:667)
[2025-07-13 22:50:38,269] INFO django.utils.autoreload: /Users/zshaikh/Documents/projects/SEU_dev/SEU_Tools/apis/utils.py changed, reloading. (in /Users/zshaikh/Documents/projects/SEU_dev/SEU_Tools/venv/lib/python3.12/site-packages/django/utils/autoreload.py:265)
[2025-07-13 22:50:38,533] INFO django.utils.autoreload: Watching for file changes with StatReloader (in /Users/zshaikh/Documents/projects/SEU_dev/SEU_Tools/venv/lib/python3.12/site-packages/django/utils/autoreload.py:667)
[2025-07-13 22:50:40,926] INFO django.utils.autoreload: /Users/zshaikh/Documents/projects/SEU_dev/SEU_Tools/apis/utils.py changed, reloading. (in /Users/zshaikh/Documents/projects/SEU_dev/SEU_Tools/venv/lib/python3.12/site-packages/django/utils/autoreload.py:265)
[2025-07-13 22:50:41,179] INFO django.utils.autoreload: Watching for file changes with StatReloader (in /Users/zshaikh/Documents/projects/SEU_dev/SEU_Tools/venv/lib/python3.12/site-packages/django/utils/autoreload.py:667)
[2025-07-13 22:50:42,561] INFO django.utils.autoreload: /Users/zshaikh/Documents/projects/SEU_dev/SEU_Tools/apis/utils.py changed, reloading. (in /Users/zshaikh/Documents/projects/SEU_dev/SEU_Tools/venv/lib/python3.12/site-packages/django/utils/autoreload.py:265)
[2025-07-13 22:50:42,797] INFO django.utils.autoreload: Watching for file changes with StatReloader (in /Users/zshaikh/Documents/projects/SEU_dev/SEU_Tools/venv/lib/python3.12/site-packages/django/utils/autoreload.py:667)
[2025-07-13 22:50:55,502] INFO django.utils.autoreload: /Users/zshaikh/Documents/projects/SEU_dev/SEU_Tools/apis/utils.py changed, reloading. (in /Users/zshaikh/Documents/projects/SEU_dev/SEU_Tools/venv/lib/python3.12/site-packages/django/utils/autoreload.py:265)
[2025-07-13 22:50:55,750] INFO django.utils.autoreload: Watching for file changes with StatReloader (in /Users/zshaikh/Documents/projects/SEU_dev/SEU_Tools/venv/lib/python3.12/site-packages/django/utils/autoreload.py:667)
[2025-07-13 22:50:57,148] INFO django.utils.autoreload: /Users/zshaikh/Documents/projects/SEU_dev/SEU_Tools/apis/utils.py changed, reloading. (in /Users/zshaikh/Documents/projects/SEU_dev/SEU_Tools/venv/lib/python3.12/site-packages/django/utils/autoreload.py:265)
[2025-07-13 22:50:57,391] INFO django.utils.autoreload: Watching for file changes with StatReloader (in /Users/zshaikh/Documents/projects/SEU_dev/SEU_Tools/venv/lib/python3.12/site-packages/django/utils/autoreload.py:667)
[2025-07-13 22:51:11,260] INFO django.server: "POST /process/upload/ HTTP/1.1" 302 0 (in /Users/zshaikh/Documents/projects/SEU_dev/SEU_Tools/venv/lib/python3.12/site-packages/django/core/servers/basehttp.py:213)
[2025-07-13 22:51:11,269] INFO django.server: "GET /process/ HTTP/1.1" 200 25368 (in /Users/zshaikh/Documents/projects/SEU_dev/SEU_Tools/venv/lib/python3.12/site-packages/django/core/servers/basehttp.py:213)
[2025-07-13 22:51:13,642] INFO django.server: "GET /history/ HTTP/1.1" 200 527253 (in /Users/zshaikh/Documents/projects/SEU_dev/SEU_Tools/venv/lib/python3.12/site-packages/django/core/servers/basehttp.py:213)
[2025-07-13 22:51:34,999] INFO django.utils.autoreload: /Users/zshaikh/Documents/projects/SEU_dev/SEU_Tools/apis/utils.py changed, reloading. (in /Users/zshaikh/Documents/projects/SEU_dev/SEU_Tools/venv/lib/python3.12/site-packages/django/utils/autoreload.py:265)
[2025-07-13 22:51:35,342] INFO django.utils.autoreload: Watching for file changes with StatReloader (in /Users/zshaikh/Documents/projects/SEU_dev/SEU_Tools/venv/lib/python3.12/site-packages/django/utils/autoreload.py:667)
[2025-07-13 22:51:39,686] INFO django.server: "GET /history/ HTTP/1.1" 200 527253 (in /Users/zshaikh/Documents/projects/SEU_dev/SEU_Tools/venv/lib/python3.12/site-packages/django/core/servers/basehttp.py:213)
[2025-07-13 22:51:53,902] INFO django.server: "POST /process/upload/ HTTP/1.1" 302 0 (in /Users/zshaikh/Documents/projects/SEU_dev/SEU_Tools/venv/lib/python3.12/site-packages/django/core/servers/basehttp.py:213)
[2025-07-13 22:51:53,907] INFO django.server: "GET /process/ HTTP/1.1" 200 25368 (in /Users/zshaikh/Documents/projects/SEU_dev/SEU_Tools/venv/lib/python3.12/site-packages/django/core/servers/basehttp.py:213)
[2025-07-13 22:51:56,236] INFO django.server: "GET /history/ HTTP/1.1" 200 533284 (in /Users/zshaikh/Documents/projects/SEU_dev/SEU_Tools/venv/lib/python3.12/site-packages/django/core/servers/basehttp.py:213)
[2025-07-13 22:52:12,090] INFO django.utils.autoreload: /Users/zshaikh/Documents/projects/SEU_dev/SEU_Tools/apis/utils.py changed, reloading. (in /Users/zshaikh/Documents/projects/SEU_dev/SEU_Tools/venv/lib/python3.12/site-packages/django/utils/autoreload.py:265)
[2025-07-13 22:52:12,425] INFO django.utils.autoreload: Watching for file changes with StatReloader (in /Users/zshaikh/Documents/projects/SEU_dev/SEU_Tools/venv/lib/python3.12/site-packages/django/utils/autoreload.py:667)
[2025-07-13 22:52:19,116] INFO django.server: "POST /process/upload/ HTTP/1.1" 302 0 (in /Users/zshaikh/Documents/projects/SEU_dev/SEU_Tools/venv/lib/python3.12/site-packages/django/core/servers/basehttp.py:213)
[2025-07-13 22:52:19,127] INFO django.server: "GET /process/ HTTP/1.1" 200 25368 (in /Users/zshaikh/Documents/projects/SEU_dev/SEU_Tools/venv/lib/python3.12/site-packages/django/core/servers/basehttp.py:213)
[2025-07-13 22:53:39,490] INFO django.utils.autoreload: /Users/zshaikh/Documents/projects/SEU_dev/SEU_Tools/apis/utils.py changed, reloading. (in /Users/zshaikh/Documents/projects/SEU_dev/SEU_Tools/venv/lib/python3.12/site-packages/django/utils/autoreload.py:265)
[2025-07-13 22:53:39,847] INFO django.utils.autoreload: Watching for file changes with StatReloader (in /Users/zshaikh/Documents/projects/SEU_dev/SEU_Tools/venv/lib/python3.12/site-packages/django/utils/autoreload.py:667)
[2025-07-13 22:53:50,590] INFO django.utils.autoreload: /Users/zshaikh/Documents/projects/SEU_dev/SEU_Tools/apis/utils.py changed, reloading. (in /Users/zshaikh/Documents/projects/SEU_dev/SEU_Tools/venv/lib/python3.12/site-packages/django/utils/autoreload.py:265)
[2025-07-13 22:53:50,862] INFO django.utils.autoreload: Watching for file changes with StatReloader (in /Users/zshaikh/Documents/projects/SEU_dev/SEU_Tools/venv/lib/python3.12/site-packages/django/utils/autoreload.py:667)
[2025-07-13 22:53:57,480] INFO django.server: "POST /process/upload/ HTTP/1.1" 302 0 (in /Users/zshaikh/Documents/projects/SEU_dev/SEU_Tools/venv/lib/python3.12/site-packages/django/core/servers/basehttp.py:213)
[2025-07-13 22:53:57,489] INFO django.server: "GET /process/ HTTP/1.1" 200 25368 (in /Users/zshaikh/Documents/projects/SEU_dev/SEU_Tools/venv/lib/python3.12/site-packages/django/core/servers/basehttp.py:213)
[2025-07-13 22:55:01,411] INFO django.utils.autoreload: /Users/zshaikh/Documents/projects/SEU_dev/SEU_Tools/apis/utils.py changed, reloading. (in /Users/zshaikh/Documents/projects/SEU_dev/SEU_Tools/venv/lib/python3.12/site-packages/django/utils/autoreload.py:265)
[2025-07-13 22:55:01,799] INFO django.utils.autoreload: Watching for file changes with StatReloader (in /Users/zshaikh/Documents/projects/SEU_dev/SEU_Tools/venv/lib/python3.12/site-packages/django/utils/autoreload.py:667)
[2025-07-13 22:55:06,984] INFO django.utils.autoreload: /Users/zshaikh/Documents/projects/SEU_dev/SEU_Tools/apis/utils.py changed, reloading. (in /Users/zshaikh/Documents/projects/SEU_dev/SEU_Tools/venv/lib/python3.12/site-packages/django/utils/autoreload.py:265)
[2025-07-13 22:55:07,251] INFO django.utils.autoreload: Watching for file changes with StatReloader (in /Users/zshaikh/Documents/projects/SEU_dev/SEU_Tools/venv/lib/python3.12/site-packages/django/utils/autoreload.py:667)
[2025-07-13 22:55:10,353] INFO django.utils.autoreload: /Users/zshaikh/Documents/projects/SEU_dev/SEU_Tools/apis/utils.py changed, reloading. (in /Users/zshaikh/Documents/projects/SEU_dev/SEU_Tools/venv/lib/python3.12/site-packages/django/utils/autoreload.py:265)
[2025-07-13 22:55:10,562] INFO django.utils.autoreload: Watching for file changes with StatReloader (in /Users/zshaikh/Documents/projects/SEU_dev/SEU_Tools/venv/lib/python3.12/site-packages/django/utils/autoreload.py:667)
[2025-07-13 22:55:12,081] INFO django.utils.autoreload: /Users/zshaikh/Documents/projects/SEU_dev/SEU_Tools/apis/utils.py changed, reloading. (in /Users/zshaikh/Documents/projects/SEU_dev/SEU_Tools/venv/lib/python3.12/site-packages/django/utils/autoreload.py:265)
[2025-07-13 22:55:12,325] INFO django.utils.autoreload: Watching for file changes with StatReloader (in /Users/zshaikh/Documents/projects/SEU_dev/SEU_Tools/venv/lib/python3.12/site-packages/django/utils/autoreload.py:667)
[2025-07-13 22:55:36,278] INFO django.utils.autoreload: /Users/zshaikh/Documents/projects/SEU_dev/SEU_Tools/apis/utils.py changed, reloading. (in /Users/zshaikh/Documents/projects/SEU_dev/SEU_Tools/venv/lib/python3.12/site-packages/django/utils/autoreload.py:265)
[2025-07-13 22:55:36,592] INFO django.utils.autoreload: Watching for file changes with StatReloader (in /Users/zshaikh/Documents/projects/SEU_dev/SEU_Tools/venv/lib/python3.12/site-packages/django/utils/autoreload.py:667)
[2025-07-13 22:55:40,702] INFO django.utils.autoreload: /Users/zshaikh/Documents/projects/SEU_dev/SEU_Tools/apis/utils.py changed, reloading. (in /Users/zshaikh/Documents/projects/SEU_dev/SEU_Tools/venv/lib/python3.12/site-packages/django/utils/autoreload.py:265)
[2025-07-13 22:55:40,912] INFO django.utils.autoreload: Watching for file changes with StatReloader (in /Users/zshaikh/Documents/projects/SEU_dev/SEU_Tools/venv/lib/python3.12/site-packages/django/utils/autoreload.py:667)
[2025-07-13 22:55:41,986] INFO django.utils.autoreload: /Users/zshaikh/Documents/projects/SEU_dev/SEU_Tools/apis/utils.py changed, reloading. (in /Users/zshaikh/Documents/projects/SEU_dev/SEU_Tools/venv/lib/python3.12/site-packages/django/utils/autoreload.py:265)
[2025-07-13 22:55:42,187] INFO django.utils.autoreload: Watching for file changes with StatReloader (in /Users/zshaikh/Documents/projects/SEU_dev/SEU_Tools/venv/lib/python3.12/site-packages/django/utils/autoreload.py:667)
[2025-07-13 22:55:44,283] INFO django.utils.autoreload: /Users/zshaikh/Documents/projects/SEU_dev/SEU_Tools/apis/utils.py changed, reloading. (in /Users/zshaikh/Documents/projects/SEU_dev/SEU_Tools/venv/lib/python3.12/site-packages/django/utils/autoreload.py:265)
[2025-07-13 22:55:44,495] INFO django.utils.autoreload: Watching for file changes with StatReloader (in /Users/zshaikh/Documents/projects/SEU_dev/SEU_Tools/venv/lib/python3.12/site-packages/django/utils/autoreload.py:667)
[2025-07-13 22:55:47,590] INFO django.utils.autoreload: /Users/zshaikh/Documents/projects/SEU_dev/SEU_Tools/apis/utils.py changed, reloading. (in /Users/zshaikh/Documents/projects/SEU_dev/SEU_Tools/venv/lib/python3.12/site-packages/django/utils/autoreload.py:265)
[2025-07-13 22:55:47,791] INFO django.utils.autoreload: Watching for file changes with StatReloader (in /Users/zshaikh/Documents/projects/SEU_dev/SEU_Tools/venv/lib/python3.12/site-packages/django/utils/autoreload.py:667)
[2025-07-13 22:55:49,881] INFO django.utils.autoreload: /Users/zshaikh/Documents/projects/SEU_dev/SEU_Tools/apis/utils.py changed, reloading. (in /Users/zshaikh/Documents/projects/SEU_dev/SEU_Tools/venv/lib/python3.12/site-packages/django/utils/autoreload.py:265)
[2025-07-13 22:55:50,101] INFO django.utils.autoreload: Watching for file changes with StatReloader (in /Users/zshaikh/Documents/projects/SEU_dev/SEU_Tools/venv/lib/python3.12/site-packages/django/utils/autoreload.py:667)
[2025-07-13 22:55:51,178] INFO django.utils.autoreload: /Users/zshaikh/Documents/projects/SEU_dev/SEU_Tools/apis/utils.py changed, reloading. (in /Users/zshaikh/Documents/projects/SEU_dev/SEU_Tools/venv/lib/python3.12/site-packages/django/utils/autoreload.py:265)
[2025-07-13 22:55:51,379] INFO django.utils.autoreload: Watching for file changes with StatReloader (in /Users/zshaikh/Documents/projects/SEU_dev/SEU_Tools/venv/lib/python3.12/site-packages/django/utils/autoreload.py:667)
[2025-07-13 22:56:00,454] INFO django.server: "POST /process/upload/ HTTP/1.1" 302 0 (in /Users/zshaikh/Documents/projects/SEU_dev/SEU_Tools/venv/lib/python3.12/site-packages/django/core/servers/basehttp.py:213)
[2025-07-13 22:56:00,465] INFO django.server: "GET /process/ HTTP/1.1" 200 25368 (in /Users/zshaikh/Documents/projects/SEU_dev/SEU_Tools/venv/lib/python3.12/site-packages/django/core/servers/basehttp.py:213)
[2025-07-13 22:56:15,741] INFO django.server: "GET /history/ HTTP/1.1" 200 551377 (in /Users/zshaikh/Documents/projects/SEU_dev/SEU_Tools/venv/lib/python3.12/site-packages/django/core/servers/basehttp.py:213)
[2025-07-13 22:56:36,142] INFO django.utils.autoreload: /Users/zshaikh/Documents/projects/SEU_dev/SEU_Tools/apis/utils.py changed, reloading. (in /Users/zshaikh/Documents/projects/SEU_dev/SEU_Tools/venv/lib/python3.12/site-packages/django/utils/autoreload.py:265)
[2025-07-13 22:56:36,464] INFO django.utils.autoreload: Watching for file changes with StatReloader (in /Users/zshaikh/Documents/projects/SEU_dev/SEU_Tools/venv/lib/python3.12/site-packages/django/utils/autoreload.py:667)
[2025-07-13 22:56:45,923] INFO django.server: "POST /process/upload/ HTTP/1.1" 302 0 (in /Users/zshaikh/Documents/projects/SEU_dev/SEU_Tools/venv/lib/python3.12/site-packages/django/core/servers/basehttp.py:213)
[2025-07-13 22:56:45,936] INFO django.server: "GET /process/ HTTP/1.1" 200 25368 (in /Users/zshaikh/Documents/projects/SEU_dev/SEU_Tools/venv/lib/python3.12/site-packages/django/core/servers/basehttp.py:213)
[2025-07-13 22:56:48,995] INFO django.server: "GET /history/ HTTP/1.1" 200 557408 (in /Users/zshaikh/Documents/projects/SEU_dev/SEU_Tools/venv/lib/python3.12/site-packages/django/core/servers/basehttp.py:213)
[2025-07-13 22:59:18,698] INFO django.utils.autoreload: /Users/zshaikh/Documents/projects/SEU_dev/SEU_Tools/apis/utils.py changed, reloading. (in /Users/zshaikh/Documents/projects/SEU_dev/SEU_Tools/venv/lib/python3.12/site-packages/django/utils/autoreload.py:265)
[2025-07-13 22:59:19,094] INFO django.utils.autoreload: Watching for file changes with StatReloader (in /Users/zshaikh/Documents/projects/SEU_dev/SEU_Tools/venv/lib/python3.12/site-packages/django/utils/autoreload.py:667)
[2025-07-13 22:59:36,036] INFO django.utils.autoreload: /Users/zshaikh/Documents/projects/SEU_dev/SEU_Tools/apis/utils.py changed, reloading. (in /Users/zshaikh/Documents/projects/SEU_dev/SEU_Tools/venv/lib/python3.12/site-packages/django/utils/autoreload.py:265)
[2025-07-13 22:59:36,369] INFO django.utils.autoreload: Watching for file changes with StatReloader (in /Users/zshaikh/Documents/projects/SEU_dev/SEU_Tools/venv/lib/python3.12/site-packages/django/utils/autoreload.py:667)
[2025-07-13 23:02:32,894] INFO django.utils.autoreload: /Users/zshaikh/Documents/projects/SEU_dev/SEU_Tools/apis/utils.py changed, reloading. (in /Users/zshaikh/Documents/projects/SEU_dev/SEU_Tools/venv/lib/python3.12/site-packages/django/utils/autoreload.py:265)
[2025-07-13 23:02:33,242] INFO django.utils.autoreload: Watching for file changes with StatReloader (in /Users/zshaikh/Documents/projects/SEU_dev/SEU_Tools/venv/lib/python3.12/site-packages/django/utils/autoreload.py:667)
[2025-07-13 23:02:50,167] INFO django.utils.autoreload: /Users/zshaikh/Documents/projects/SEU_dev/SEU_Tools/apis/utils.py changed, reloading. (in /Users/zshaikh/Documents/projects/SEU_dev/SEU_Tools/venv/lib/python3.12/site-packages/django/utils/autoreload.py:265)
[2025-07-13 23:02:50,501] INFO django.utils.autoreload: Watching for file changes with StatReloader (in /Users/zshaikh/Documents/projects/SEU_dev/SEU_Tools/venv/lib/python3.12/site-packages/django/utils/autoreload.py:667)
[2025-07-13 23:02:55,999] INFO django.utils.autoreload: /Users/zshaikh/Documents/projects/SEU_dev/SEU_Tools/apis/utils.py changed, reloading. (in /Users/zshaikh/Documents/projects/SEU_dev/SEU_Tools/venv/lib/python3.12/site-packages/django/utils/autoreload.py:265)
[2025-07-13 23:02:56,268] INFO django.utils.autoreload: Watching for file changes with StatReloader (in /Users/zshaikh/Documents/projects/SEU_dev/SEU_Tools/venv/lib/python3.12/site-packages/django/utils/autoreload.py:667)
[2025-07-13 23:03:18,522] INFO django.server: "POST /process/upload/ HTTP/1.1" 302 0 (in /Users/zshaikh/Documents/projects/SEU_dev/SEU_Tools/venv/lib/python3.12/site-packages/django/core/servers/basehttp.py:213)
[2025-07-13 23:03:18,534] INFO django.server: "GET /process/ HTTP/1.1" 200 25368 (in /Users/zshaikh/Documents/projects/SEU_dev/SEU_Tools/venv/lib/python3.12/site-packages/django/core/servers/basehttp.py:213)
[2025-07-13 23:04:06,952] INFO django.server: "GET /history/ HTTP/1.1" 200 563439 (in /Users/zshaikh/Documents/projects/SEU_dev/SEU_Tools/venv/lib/python3.12/site-packages/django/core/servers/basehttp.py:213)
[2025-07-13 23:05:14,618] INFO django.utils.autoreload: /Users/zshaikh/Documents/projects/SEU_dev/SEU_Tools/apis/utils.py changed, reloading. (in /Users/zshaikh/Documents/projects/SEU_dev/SEU_Tools/venv/lib/python3.12/site-packages/django/utils/autoreload.py:265)
[2025-07-13 23:05:14,979] INFO django.utils.autoreload: Watching for file changes with StatReloader (in /Users/zshaikh/Documents/projects/SEU_dev/SEU_Tools/venv/lib/python3.12/site-packages/django/utils/autoreload.py:667)
[2025-07-13 23:05:16,464] INFO django.utils.autoreload: /Users/zshaikh/Documents/projects/SEU_dev/SEU_Tools/apis/utils.py changed, reloading. (in /Users/zshaikh/Documents/projects/SEU_dev/SEU_Tools/venv/lib/python3.12/site-packages/django/utils/autoreload.py:265)
[2025-07-13 23:05:16,729] INFO django.utils.autoreload: Watching for file changes with StatReloader (in /Users/zshaikh/Documents/projects/SEU_dev/SEU_Tools/venv/lib/python3.12/site-packages/django/utils/autoreload.py:667)
[2025-07-13 23:05:27,424] INFO django.utils.autoreload: /Users/zshaikh/Documents/projects/SEU_dev/SEU_Tools/apis/utils.py changed, reloading. (in /Users/zshaikh/Documents/projects/SEU_dev/SEU_Tools/venv/lib/python3.12/site-packages/django/utils/autoreload.py:265)
[2025-07-13 23:05:27,714] INFO django.utils.autoreload: Watching for file changes with StatReloader (in /Users/zshaikh/Documents/projects/SEU_dev/SEU_Tools/venv/lib/python3.12/site-packages/django/utils/autoreload.py:667)
[2025-07-13 23:05:32,198] INFO django.utils.autoreload: /Users/zshaikh/Documents/projects/SEU_dev/SEU_Tools/apis/utils.py changed, reloading. (in /Users/zshaikh/Documents/projects/SEU_dev/SEU_Tools/venv/lib/python3.12/site-packages/django/utils/autoreload.py:265)
[2025-07-13 23:05:32,468] INFO django.utils.autoreload: Watching for file changes with StatReloader (in /Users/zshaikh/Documents/projects/SEU_dev/SEU_Tools/venv/lib/python3.12/site-packages/django/utils/autoreload.py:667)
[2025-07-13 23:05:35,895] INFO django.utils.autoreload: /Users/zshaikh/Documents/projects/SEU_dev/SEU_Tools/apis/utils.py changed, reloading. (in /Users/zshaikh/Documents/projects/SEU_dev/SEU_Tools/venv/lib/python3.12/site-packages/django/utils/autoreload.py:265)
[2025-07-13 23:05:36,173] INFO django.utils.autoreload: Watching for file changes with StatReloader (in /Users/zshaikh/Documents/projects/SEU_dev/SEU_Tools/venv/lib/python3.12/site-packages/django/utils/autoreload.py:667)
[2025-07-13 23:06:25,910] INFO django.utils.autoreload: /Users/zshaikh/Documents/projects/SEU_dev/SEU_Tools/apis/utils.py changed, reloading. (in /Users/zshaikh/Documents/projects/SEU_dev/SEU_Tools/venv/lib/python3.12/site-packages/django/utils/autoreload.py:265)
[2025-07-13 23:06:26,200] INFO django.utils.autoreload: Watching for file changes with StatReloader (in /Users/zshaikh/Documents/projects/SEU_dev/SEU_Tools/venv/lib/python3.12/site-packages/django/utils/autoreload.py:667)
[2025-07-13 23:06:27,662] INFO django.utils.autoreload: /Users/zshaikh/Documents/projects/SEU_dev/SEU_Tools/apis/utils.py changed, reloading. (in /Users/zshaikh/Documents/projects/SEU_dev/SEU_Tools/venv/lib/python3.12/site-packages/django/utils/autoreload.py:265)
[2025-07-13 23:06:27,907] INFO django.utils.autoreload: Watching for file changes with StatReloader (in /Users/zshaikh/Documents/projects/SEU_dev/SEU_Tools/venv/lib/python3.12/site-packages/django/utils/autoreload.py:667)
[2025-07-13 23:06:58,997] INFO django.utils.autoreload: /Users/zshaikh/Documents/projects/SEU_dev/SEU_Tools/apis/utils.py changed, reloading. (in /Users/zshaikh/Documents/projects/SEU_dev/SEU_Tools/venv/lib/python3.12/site-packages/django/utils/autoreload.py:265)
[2025-07-13 23:06:59,270] INFO django.utils.autoreload: Watching for file changes with StatReloader (in /Users/zshaikh/Documents/projects/SEU_dev/SEU_Tools/venv/lib/python3.12/site-packages/django/utils/autoreload.py:667)
[2025-07-13 23:07:06,784] INFO django.utils.autoreload: /Users/zshaikh/Documents/projects/SEU_dev/SEU_Tools/apis/utils.py changed, reloading. (in /Users/zshaikh/Documents/projects/SEU_dev/SEU_Tools/venv/lib/python3.12/site-packages/django/utils/autoreload.py:265)
[2025-07-13 23:07:07,064] INFO django.utils.autoreload: Watching for file changes with StatReloader (in /Users/zshaikh/Documents/projects/SEU_dev/SEU_Tools/venv/lib/python3.12/site-packages/django/utils/autoreload.py:667)
[2025-07-13 23:07:18,653] INFO django.utils.autoreload: /Users/zshaikh/Documents/projects/SEU_dev/SEU_Tools/apis/utils.py changed, reloading. (in /Users/zshaikh/Documents/projects/SEU_dev/SEU_Tools/venv/lib/python3.12/site-packages/django/utils/autoreload.py:265)
[2025-07-13 23:07:18,927] INFO django.utils.autoreload: Watching for file changes with StatReloader (in /Users/zshaikh/Documents/projects/SEU_dev/SEU_Tools/venv/lib/python3.12/site-packages/django/utils/autoreload.py:667)
[2025-07-13 23:07:25,457] INFO django.utils.autoreload: /Users/zshaikh/Documents/projects/SEU_dev/SEU_Tools/apis/utils.py changed, reloading. (in /Users/zshaikh/Documents/projects/SEU_dev/SEU_Tools/venv/lib/python3.12/site-packages/django/utils/autoreload.py:265)
[2025-07-13 23:07:25,772] INFO django.utils.autoreload: Watching for file changes with StatReloader (in /Users/zshaikh/Documents/projects/SEU_dev/SEU_Tools/venv/lib/python3.12/site-packages/django/utils/autoreload.py:667)
[2025-07-13 23:07:49,686] INFO django.utils.autoreload: /Users/zshaikh/Documents/projects/SEU_dev/SEU_Tools/apis/utils.py changed, reloading. (in /Users/zshaikh/Documents/projects/SEU_dev/SEU_Tools/venv/lib/python3.12/site-packages/django/utils/autoreload.py:265)
[2025-07-13 23:07:49,963] INFO django.utils.autoreload: Watching for file changes with StatReloader (in /Users/zshaikh/Documents/projects/SEU_dev/SEU_Tools/venv/lib/python3.12/site-packages/django/utils/autoreload.py:667)
[2025-07-13 23:07:58,538] INFO django.utils.autoreload: /Users/zshaikh/Documents/projects/SEU_dev/SEU_Tools/apis/utils.py changed, reloading. (in /Users/zshaikh/Documents/projects/SEU_dev/SEU_Tools/venv/lib/python3.12/site-packages/django/utils/autoreload.py:265)
[2025-07-13 23:07:58,828] INFO django.utils.autoreload: Watching for file changes with StatReloader (in /Users/zshaikh/Documents/projects/SEU_dev/SEU_Tools/venv/lib/python3.12/site-packages/django/utils/autoreload.py:667)
[2025-07-13 23:08:08,343] INFO httpx: HTTP Request: POST https://shiekh.openai.azure.com/openai/deployments/gpt-4.1/chat/completions?api-version=2024-12-01-preview "HTTP/1.1 200 OK" (in /Users/zshaikh/Documents/projects/SEU_dev/SEU_Tools/venv/lib/python3.12/site-packages/httpx/_client.py:1025)
[2025-07-13 23:08:08,371] INFO django.server: "POST /process/upload/ HTTP/1.1" 302 0 (in /Users/zshaikh/Documents/projects/SEU_dev/SEU_Tools/venv/lib/python3.12/site-packages/django/core/servers/basehttp.py:213)
[2025-07-13 23:08:08,383] INFO django.server: "GET /process/ HTTP/1.1" 200 25359 (in /Users/zshaikh/Documents/projects/SEU_dev/SEU_Tools/venv/lib/python3.12/site-packages/django/core/servers/basehttp.py:213)
[2025-07-13 23:08:56,052] INFO django.utils.autoreload: /Users/zshaikh/Documents/projects/SEU_dev/SEU_Tools/apis/utils.py changed, reloading. (in /Users/zshaikh/Documents/projects/SEU_dev/SEU_Tools/venv/lib/python3.12/site-packages/django/utils/autoreload.py:265)
[2025-07-13 23:08:56,346] INFO django.utils.autoreload: Watching for file changes with StatReloader (in /Users/zshaikh/Documents/projects/SEU_dev/SEU_Tools/venv/lib/python3.12/site-packages/django/utils/autoreload.py:667)
[2025-07-13 23:09:08,591] INFO httpx: HTTP Request: POST https://shiekh.openai.azure.com/openai/deployments/gpt-4.1/chat/completions?api-version=2024-12-01-preview "HTTP/1.1 200 OK" (in /Users/zshaikh/Documents/projects/SEU_dev/SEU_Tools/venv/lib/python3.12/site-packages/httpx/_client.py:1025)
[2025-07-13 23:09:08,619] INFO django.server: "POST /process/upload/ HTTP/1.1" 302 0 (in /Users/zshaikh/Documents/projects/SEU_dev/SEU_Tools/venv/lib/python3.12/site-packages/django/core/servers/basehttp.py:213)
[2025-07-13 23:09:08,629] INFO django.server: "GET /process/ HTTP/1.1" 200 25359 (in /Users/zshaikh/Documents/projects/SEU_dev/SEU_Tools/venv/lib/python3.12/site-packages/django/core/servers/basehttp.py:213)
[2025-07-13 23:09:53,463] INFO django.utils.autoreload: /Users/zshaikh/Documents/projects/SEU_dev/SEU_Tools/apis/utils.py changed, reloading. (in /Users/zshaikh/Documents/projects/SEU_dev/SEU_Tools/venv/lib/python3.12/site-packages/django/utils/autoreload.py:265)
[2025-07-13 23:09:53,825] INFO django.utils.autoreload: Watching for file changes with StatReloader (in /Users/zshaikh/Documents/projects/SEU_dev/SEU_Tools/venv/lib/python3.12/site-packages/django/utils/autoreload.py:667)
[2025-07-13 23:09:55,329] INFO django.utils.autoreload: /Users/zshaikh/Documents/projects/SEU_dev/SEU_Tools/apis/utils.py changed, reloading. (in /Users/zshaikh/Documents/projects/SEU_dev/SEU_Tools/venv/lib/python3.12/site-packages/django/utils/autoreload.py:265)
[2025-07-13 23:09:55,592] INFO django.utils.autoreload: Watching for file changes with StatReloader (in /Users/zshaikh/Documents/projects/SEU_dev/SEU_Tools/venv/lib/python3.12/site-packages/django/utils/autoreload.py:667)
[2025-07-13 23:10:06,190] INFO django.utils.autoreload: /Users/zshaikh/Documents/projects/SEU_dev/SEU_Tools/apis/utils.py changed, reloading. (in /Users/zshaikh/Documents/projects/SEU_dev/SEU_Tools/venv/lib/python3.12/site-packages/django/utils/autoreload.py:265)
[2025-07-13 23:10:06,450] INFO django.utils.autoreload: Watching for file changes with StatReloader (in /Users/zshaikh/Documents/projects/SEU_dev/SEU_Tools/venv/lib/python3.12/site-packages/django/utils/autoreload.py:667)
[2025-07-13 23:10:34,526] INFO django.utils.autoreload: /Users/zshaikh/Documents/projects/SEU_dev/SEU_Tools/apis/utils.py changed, reloading. (in /Users/zshaikh/Documents/projects/SEU_dev/SEU_Tools/venv/lib/python3.12/site-packages/django/utils/autoreload.py:265)
[2025-07-13 23:10:34,802] INFO django.utils.autoreload: Watching for file changes with StatReloader (in /Users/zshaikh/Documents/projects/SEU_dev/SEU_Tools/venv/lib/python3.12/site-packages/django/utils/autoreload.py:667)
[2025-07-13 23:11:29,601] INFO django.utils.autoreload: /Users/zshaikh/Documents/projects/SEU_dev/SEU_Tools/apis/utils.py changed, reloading. (in /Users/zshaikh/Documents/projects/SEU_dev/SEU_Tools/venv/lib/python3.12/site-packages/django/utils/autoreload.py:265)
[2025-07-13 23:11:29,878] INFO django.utils.autoreload: Watching for file changes with StatReloader (in /Users/zshaikh/Documents/projects/SEU_dev/SEU_Tools/venv/lib/python3.12/site-packages/django/utils/autoreload.py:667)
[2025-07-13 23:13:02,766] INFO django.utils.autoreload: /Users/zshaikh/Documents/projects/SEU_dev/SEU_Tools/apis/utils.py changed, reloading. (in /Users/zshaikh/Documents/projects/SEU_dev/SEU_Tools/venv/lib/python3.12/site-packages/django/utils/autoreload.py:265)
[2025-07-13 23:13:03,034] INFO django.utils.autoreload: Watching for file changes with StatReloader (in /Users/zshaikh/Documents/projects/SEU_dev/SEU_Tools/venv/lib/python3.12/site-packages/django/utils/autoreload.py:667)
[2025-07-13 23:13:07,453] INFO django.utils.autoreload: /Users/zshaikh/Documents/projects/SEU_dev/SEU_Tools/apis/utils.py changed, reloading. (in /Users/zshaikh/Documents/projects/SEU_dev/SEU_Tools/venv/lib/python3.12/site-packages/django/utils/autoreload.py:265)
[2025-07-13 23:13:07,708] INFO django.utils.autoreload: Watching for file changes with StatReloader (in /Users/zshaikh/Documents/projects/SEU_dev/SEU_Tools/venv/lib/python3.12/site-packages/django/utils/autoreload.py:667)
[2025-07-13 23:13:43,913] INFO django.utils.autoreload: /Users/zshaikh/Documents/projects/SEU_dev/SEU_Tools/apis/utils.py changed, reloading. (in /Users/zshaikh/Documents/projects/SEU_dev/SEU_Tools/venv/lib/python3.12/site-packages/django/utils/autoreload.py:265)
[2025-07-13 23:13:44,166] INFO django.utils.autoreload: Watching for file changes with StatReloader (in /Users/zshaikh/Documents/projects/SEU_dev/SEU_Tools/venv/lib/python3.12/site-packages/django/utils/autoreload.py:667)
[2025-07-13 23:14:00,199] INFO django.utils.autoreload: Watching for file changes with StatReloader (in /Users/zshaikh/Documents/projects/SEU_dev/SEU_Tools/venv/lib/python3.12/site-packages/django/utils/autoreload.py:667)
[2025-07-13 23:14:57,505] INFO django.utils.autoreload: Watching for file changes with StatReloader (in /Users/zshaikh/Documents/projects/SEU_dev/SEU_Tools/venv/lib/python3.12/site-packages/django/utils/autoreload.py:667)
[2025-07-13 23:15:55,253] INFO django.utils.autoreload: /Users/zshaikh/Documents/projects/SEU_dev/SEU_Tools/apis/utils.py changed, reloading. (in /Users/zshaikh/Documents/projects/SEU_dev/SEU_Tools/venv/lib/python3.12/site-packages/django/utils/autoreload.py:265)
[2025-07-13 23:15:55,606] INFO django.utils.autoreload: Watching for file changes with StatReloader (in /Users/zshaikh/Documents/projects/SEU_dev/SEU_Tools/venv/lib/python3.12/site-packages/django/utils/autoreload.py:667)
[2025-07-13 23:16:27,667] INFO django.utils.autoreload: /Users/zshaikh/Documents/projects/SEU_dev/SEU_Tools/apis/utils.py changed, reloading. (in /Users/zshaikh/Documents/projects/SEU_dev/SEU_Tools/venv/lib/python3.12/site-packages/django/utils/autoreload.py:265)
[2025-07-13 23:16:27,927] INFO django.utils.autoreload: Watching for file changes with StatReloader (in /Users/zshaikh/Documents/projects/SEU_dev/SEU_Tools/venv/lib/python3.12/site-packages/django/utils/autoreload.py:667)
[2025-07-13 23:16:34,376] INFO django.utils.autoreload: /Users/zshaikh/Documents/projects/SEU_dev/SEU_Tools/apis/views.py changed, reloading. (in /Users/zshaikh/Documents/projects/SEU_dev/SEU_Tools/venv/lib/python3.12/site-packages/django/utils/autoreload.py:265)
[2025-07-13 23:16:34,666] INFO django.utils.autoreload: Watching for file changes with StatReloader (in /Users/zshaikh/Documents/projects/SEU_dev/SEU_Tools/venv/lib/python3.12/site-packages/django/utils/autoreload.py:667)
[2025-07-13 23:17:10,833] INFO django.utils.autoreload: /Users/zshaikh/Documents/projects/SEU_dev/SEU_Tools/apis/views.py changed, reloading. (in /Users/zshaikh/Documents/projects/SEU_dev/SEU_Tools/venv/lib/python3.12/site-packages/django/utils/autoreload.py:265)
[2025-07-13 23:17:11,088] INFO django.utils.autoreload: Watching for file changes with StatReloader (in /Users/zshaikh/Documents/projects/SEU_dev/SEU_Tools/venv/lib/python3.12/site-packages/django/utils/autoreload.py:667)
[2025-07-13 23:17:21,598] INFO django.utils.autoreload: /Users/zshaikh/Documents/projects/SEU_dev/SEU_Tools/apis/urls.py changed, reloading. (in /Users/zshaikh/Documents/projects/SEU_dev/SEU_Tools/venv/lib/python3.12/site-packages/django/utils/autoreload.py:265)
[2025-07-13 23:17:21,847] INFO django.utils.autoreload: Watching for file changes with StatReloader (in /Users/zshaikh/Documents/projects/SEU_dev/SEU_Tools/venv/lib/python3.12/site-packages/django/utils/autoreload.py:667)
[2025-07-13 23:17:31,349] INFO django.utils.autoreload: /Users/zshaikh/Documents/projects/SEU_dev/SEU_Tools/apis/urls.py changed, reloading. (in /Users/zshaikh/Documents/projects/SEU_dev/SEU_Tools/venv/lib/python3.12/site-packages/django/utils/autoreload.py:265)
[2025-07-13 23:17:31,596] INFO django.utils.autoreload: Watching for file changes with StatReloader (in /Users/zshaikh/Documents/projects/SEU_dev/SEU_Tools/venv/lib/python3.12/site-packages/django/utils/autoreload.py:667)
[2025-07-13 23:17:41,137] INFO django.utils.autoreload: /Users/zshaikh/Documents/projects/SEU_dev/SEU_Tools/apis/views.py changed, reloading. (in /Users/zshaikh/Documents/projects/SEU_dev/SEU_Tools/venv/lib/python3.12/site-packages/django/utils/autoreload.py:265)
[2025-07-13 23:17:41,395] INFO django.utils.autoreload: Watching for file changes with StatReloader (in /Users/zshaikh/Documents/projects/SEU_dev/SEU_Tools/venv/lib/python3.12/site-packages/django/utils/autoreload.py:667)
[2025-07-13 23:18:13,591] INFO django.utils.autoreload: Watching for file changes with StatReloader (in /Users/zshaikh/Documents/projects/SEU_dev/SEU_Tools/venv/lib/python3.12/site-packages/django/utils/autoreload.py:667)
[2025-07-13 23:18:22,149] INFO django.server: "GET /api/v1/ HTTP/1.1" 200 545 (in /Users/zshaikh/Documents/projects/SEU_dev/SEU_Tools/venv/lib/python3.12/site-packages/django/core/servers/basehttp.py:213)
[2025-07-13 23:19:25,327] INFO django.utils.autoreload: Watching for file changes with StatReloader (in /Users/zshaikh/Documents/projects/SEU_dev/SEU_Tools/venv/lib/python3.12/site-packages/django/utils/autoreload.py:667)
[2025-07-14 08:55:06,486] INFO django.utils.autoreload: Watching for file changes with StatReloader (in /Users/zshaikh/Documents/projects/SEU_dev/SEU_Tools/venv/lib/python3.12/site-packages/django/utils/autoreload.py:667)
[2025-07-14 08:55:28,185] INFO django.server: "GET / HTTP/1.1" 200 39362 (in /Users/zshaikh/Documents/projects/SEU_dev/SEU_Tools/venv/lib/python3.12/site-packages/django/core/servers/basehttp.py:213)
[2025-07-14 08:55:28,198] INFO django.server: "GET /static/css/bootstrap/bootstrap.min.css HTTP/1.1" 304 0 (in /Users/zshaikh/Documents/projects/SEU_dev/SEU_Tools/venv/lib/python3.12/site-packages/django/core/servers/basehttp.py:213)
[2025-07-14 08:55:28,199] INFO django.server: "GET /static/css/fontawesome/fontawesome.min.css HTTP/1.1" 304 0 (in /Users/zshaikh/Documents/projects/SEU_dev/SEU_Tools/venv/lib/python3.12/site-packages/django/core/servers/basehttp.py:213)
[2025-07-14 08:55:28,201] INFO django.server: "GET /static/css/datatables/dataTables.bootstrap5.min.css HTTP/1.1" 304 0 (in /Users/zshaikh/Documents/projects/SEU_dev/SEU_Tools/venv/lib/python3.12/site-packages/django/core/servers/basehttp.py:213)
[2025-07-14 08:55:28,201] INFO django.server: "GET /static/css/datatables/buttons.bootstrap5.min.css HTTP/1.1" 304 0 (in /Users/zshaikh/Documents/projects/SEU_dev/SEU_Tools/venv/lib/python3.12/site-packages/django/core/servers/basehttp.py:213)
[2025-07-14 08:55:28,202] INFO django.server: "GET /static/js/datatables/jquery.min.js HTTP/1.1" 304 0 (in /Users/zshaikh/Documents/projects/SEU_dev/SEU_Tools/venv/lib/python3.12/site-packages/django/core/servers/basehttp.py:213)
[2025-07-14 08:55:28,202] INFO django.server: "GET /static/css/style.css HTTP/1.1" 304 0 (in /Users/zshaikh/Documents/projects/SEU_dev/SEU_Tools/venv/lib/python3.12/site-packages/django/core/servers/basehttp.py:213)
[2025-07-14 08:55:28,202] INFO django.server: "GET /static/js/bootstrap/bootstrap.bundle.min.js HTTP/1.1" 304 0 (in /Users/zshaikh/Documents/projects/SEU_dev/SEU_Tools/venv/lib/python3.12/site-packages/django/core/servers/basehttp.py:213)
[2025-07-14 08:55:28,204] INFO django.server: "GET /static/images/logo.png HTTP/1.1" 304 0 (in /Users/zshaikh/Documents/projects/SEU_dev/SEU_Tools/venv/lib/python3.12/site-packages/django/core/servers/basehttp.py:213)
[2025-07-14 08:55:28,204] INFO django.server: "GET /static/js/datatables/jquery.dataTables.min.js HTTP/1.1" 304 0 (in /Users/zshaikh/Documents/projects/SEU_dev/SEU_Tools/venv/lib/python3.12/site-packages/django/core/servers/basehttp.py:213)
[2025-07-14 08:55:28,204] INFO django.server: "GET /static/js/datatables/buttons.html5.min.js HTTP/1.1" 304 0 (in /Users/zshaikh/Documents/projects/SEU_dev/SEU_Tools/venv/lib/python3.12/site-packages/django/core/servers/basehttp.py:213)
[2025-07-14 08:55:28,206] INFO django.server: "GET /static/js/datatables/buttons.bootstrap5.min.js HTTP/1.1" 304 0 (in /Users/zshaikh/Documents/projects/SEU_dev/SEU_Tools/venv/lib/python3.12/site-packages/django/core/servers/basehttp.py:213)
[2025-07-14 08:55:28,207] INFO django.server: "GET /static/js/datatables/dataTables.bootstrap5.min.js HTTP/1.1" 304 0 (in /Users/zshaikh/Documents/projects/SEU_dev/SEU_Tools/venv/lib/python3.12/site-packages/django/core/servers/basehttp.py:213)
[2025-07-14 08:55:28,207] INFO django.server: "GET /static/js/datatables/buttons.print.min.js HTTP/1.1" 304 0 (in /Users/zshaikh/Documents/projects/SEU_dev/SEU_Tools/venv/lib/python3.12/site-packages/django/core/servers/basehttp.py:213)
[2025-07-14 08:55:28,208] INFO django.server: "GET /static/js/datatables/dataTables.buttons.min.js HTTP/1.1" 304 0 (in /Users/zshaikh/Documents/projects/SEU_dev/SEU_Tools/venv/lib/python3.12/site-packages/django/core/servers/basehttp.py:213)
[2025-07-14 08:55:28,208] INFO django.server: "GET /static/js/datatables/pdfmake.min.js HTTP/1.1" 304 0 (in /Users/zshaikh/Documents/projects/SEU_dev/SEU_Tools/venv/lib/python3.12/site-packages/django/core/servers/basehttp.py:213)
[2025-07-14 08:55:28,208] INFO django.server: "GET /static/js/datatables/jszip.min.js HTTP/1.1" 304 0 (in /Users/zshaikh/Documents/projects/SEU_dev/SEU_Tools/venv/lib/python3.12/site-packages/django/core/servers/basehttp.py:213)
[2025-07-14 08:55:28,210] INFO django.server: "GET /static/js/app.js HTTP/1.1" 304 0 (in /Users/zshaikh/Documents/projects/SEU_dev/SEU_Tools/venv/lib/python3.12/site-packages/django/core/servers/basehttp.py:213)
[2025-07-14 08:55:28,211] INFO django.server: "GET /static/js/datatables/vfs_fonts.js HTTP/1.1" 304 0 (in /Users/zshaikh/Documents/projects/SEU_dev/SEU_Tools/venv/lib/python3.12/site-packages/django/core/servers/basehttp.py:213)
[2025-07-14 08:55:28,211] INFO django.server: "GET /static/css/webfonts/fa-solid-900.woff2 HTTP/1.1" 304 0 (in /Users/zshaikh/Documents/projects/SEU_dev/SEU_Tools/venv/lib/python3.12/site-packages/django/core/servers/basehttp.py:213)
[2025-07-14 08:55:28,211] INFO django.server: "GET /static/js/echarts/echarts.min.js HTTP/1.1" 304 0 (in /Users/zshaikh/Documents/projects/SEU_dev/SEU_Tools/venv/lib/python3.12/site-packages/django/core/servers/basehttp.py:213)
[2025-07-14 08:55:35,413] INFO django.server: "GET /tokens/ HTTP/1.1" 200 58498 (in /Users/zshaikh/Documents/projects/SEU_dev/SEU_Tools/venv/lib/python3.12/site-packages/django/core/servers/basehttp.py:213)
[2025-07-14 08:55:35,433] INFO django.server: "GET /static/js/datatables/clipboard.min.js HTTP/1.1" 304 0 (in /Users/zshaikh/Documents/projects/SEU_dev/SEU_Tools/venv/lib/python3.12/site-packages/django/core/servers/basehttp.py:213)
[2025-07-14 08:55:35,434] INFO django.server: "GET /static/js/pages/tokens.js HTTP/1.1" 304 0 (in /Users/zshaikh/Documents/projects/SEU_dev/SEU_Tools/venv/lib/python3.12/site-packages/django/core/servers/basehttp.py:213)
[2025-07-14 08:55:44,856] INFO django.server: "POST /tokens/create/ HTTP/1.1" 302 0 (in /Users/zshaikh/Documents/projects/SEU_dev/SEU_Tools/venv/lib/python3.12/site-packages/django/core/servers/basehttp.py:213)
[2025-07-14 08:55:44,873] INFO django.server: "GET /tokens/ HTTP/1.1" 200 62636 (in /Users/zshaikh/Documents/projects/SEU_dev/SEU_Tools/venv/lib/python3.12/site-packages/django/core/servers/basehttp.py:213)
[2025-07-14 08:56:11,442] INFO django.server: "GET /docs/ HTTP/1.1" 200 2387 (in /Users/zshaikh/Documents/projects/SEU_dev/SEU_Tools/venv/lib/python3.12/site-packages/django/core/servers/basehttp.py:213)
[2025-07-14 08:56:11,456] INFO django.server: "GET /static/drf-yasg/swagger-ui-dist/swagger-ui-bundle.js HTTP/1.1" 304 0 (in /Users/zshaikh/Documents/projects/SEU_dev/SEU_Tools/venv/lib/python3.12/site-packages/django/core/servers/basehttp.py:213)
[2025-07-14 08:56:11,456] INFO django.server: "GET /static/drf-yasg/insQ.min.js HTTP/1.1" 304 0 (in /Users/zshaikh/Documents/projects/SEU_dev/SEU_Tools/venv/lib/python3.12/site-packages/django/core/servers/basehttp.py:213)
[2025-07-14 08:56:11,456] INFO django.server: "GET /static/drf-yasg/swagger-ui-dist/swagger-ui-standalone-preset.js HTTP/1.1" 304 0 (in /Users/zshaikh/Documents/projects/SEU_dev/SEU_Tools/venv/lib/python3.12/site-packages/django/core/servers/basehttp.py:213)
[2025-07-14 08:56:11,456] INFO django.server: "GET /static/drf-yasg/swagger-ui-dist/swagger-ui.css HTTP/1.1" 304 0 (in /Users/zshaikh/Documents/projects/SEU_dev/SEU_Tools/venv/lib/python3.12/site-packages/django/core/servers/basehttp.py:213)
[2025-07-14 08:56:11,456] INFO django.server: "GET /static/drf-yasg/style.css HTTP/1.1" 304 0 (in /Users/zshaikh/Documents/projects/SEU_dev/SEU_Tools/venv/lib/python3.12/site-packages/django/core/servers/basehttp.py:213)
[2025-07-14 08:56:11,457] INFO django.server: "GET /static/drf-yasg/swagger-ui-init.js HTTP/1.1" 304 0 (in /Users/zshaikh/Documents/projects/SEU_dev/SEU_Tools/venv/lib/python3.12/site-packages/django/core/servers/basehttp.py:213)
[2025-07-14 08:56:11,458] INFO django.server: "GET /static/drf-yasg/immutable.min.js HTTP/1.1" 304 0 (in /Users/zshaikh/Documents/projects/SEU_dev/SEU_Tools/venv/lib/python3.12/site-packages/django/core/servers/basehttp.py:213)
[2025-07-14 08:56:11,521] INFO django.server: "GET /docs/?format=openapi HTTP/1.1" 200 5642 (in /Users/zshaikh/Documents/projects/SEU_dev/SEU_Tools/venv/lib/python3.12/site-packages/django/core/servers/basehttp.py:213)
